Fecha;Tipo;Distancia (km);Duracion (min);Calorias;Fuente
2025-12-27 19:38:59;cycling;4,74;32,8;145;Garmin Cloud
2025-12-18 19:38:37;cycling;4,65;15,6;164;Garmin Cloud
2025-11-10 20:23:53;tennis_v2;3,94;77,4;307;Garmin Cloud
2025-11-09 08:03:26;tennis_v2;2,96;74,1;527;Garmin Cloud
2025-11-08 07:58:21;tennis_v2;4,75;138,4;573;Garmin Cloud
2025-11-02 08:17:57;tennis_v2;4,04;114,0;677;Garmin Cloud
2025-11-01 08:20:00;tennis_v2;1,53;40,4;393;Garmin Cloud
2025-10-26 08:24:01;tennis_v2;5,05;82,6;471;Garmin Cloud
2025-10-25 09:54:41;running;4,89;28,8;346;Garmin Cloud
2025-10-18 09:17:48;tennis_v2;3,74;95,9;587;Garmin Cloud
2025-10-18 08:08:54;tennis_v2;2,05;53,8;389;Garmin Cloud
2025-10-13 19:41:29;running;0,56;5,8;40;Garmin Cloud
2025-10-11 14:19:57;table_tennis;0,05;46,2;202;Garmin Cloud
2025-10-11 07:53:53;tennis_v2;4,51;130,9;619;Garmin Cloud
2025-10-08 20:00:55;running;1,25;6,7;80;Garmin Cloud
2025-10-08 19:42:14;running;1,65;11,3;119;Garmin Cloud
2025-10-06 19:58:34;running;5,05;37,0;356;Garmin Cloud
2025-10-06 19:41:38;running;1,67;11,7;120;Garmin Cloud
2025-10-04 09:12:16;tennis_v2;1,97;55,5;448;Garmin Cloud
2025-10-04 08:08:16;tennis_v2;2,16;60,8;447;Garmin Cloud
2025-10-01 19:57:58;running;2,05;14,9;149;Garmin Cloud
2025-10-01 19:38:47;running;1,98;13,2;141;Garmin Cloud
2025-09-29 19:38:16;running;4,72;39,3;340;Garmin Cloud
2025-09-27 08:11:24;tennis_v2;1,08;24,6;226;Garmin Cloud
2025-09-26 19:38:40;running;5,59;46,0;432;Garmin Cloud
2025-09-24 19:40:45;running;3,89;29,4;267;Garmin Cloud
2025-09-13 08:34:16;tennis_v2;1,32;34,0;254;Garmin Cloud
2025-09-06 08:09:40;tennis_v2;1,77;59,8;378;Garmin Cloud
2025-08-30 08:02:19;tennis_v2;3,06;93,2;501;Garmin Cloud
2025-07-27 10:39:30;trail_running;9,19;90,1;679;Garmin Cloud
2025-07-27 10:23:00;running;0,51;3,8;32;Garmin Cloud
2025-07-23 19:39:56;running;4,80;37,5;314;Garmin Cloud
2025-06-08 11:20:04;trail_running;7,31;75,9;564;Garmin Cloud
2025-05-31 17:10:01;tennis_v2;4,21;70,8;289;Garmin Cloud
2025-05-31 08:13:45;tennis_v2;1,53;48,8;336;Garmin Cloud
2025-05-26 19:57:31;running;3,90;29,5;294;Garmin Cloud
2025-05-26 19:40:07;running;1,67;12,4;120;Garmin Cloud
2025-05-07 19:43:34;running;4,54;37,8;311;Garmin Cloud
2025-05-03 11:04:47;indoor_cardio;0,00;78,1;362;Garmin Cloud
2025-05-03 08:14:32;tennis_v2;2,99;86,4;479;Garmin Cloud
2025-04-30 19:42:44;running;7,07;50,2;527;Garmin Cloud
2025-04-28 19:58:35;running;1,51;10,5;112;Garmin Cloud
2025-04-28 19:40:49;running;1,99;15,5;149;Garmin Cloud
2025-04-23 19:39:44;running;4,29;33,0;328;Garmin Cloud
2025-04-22 19:11:54;indoor_cardio;0,00;59,6;225;Garmin Cloud
2025-04-20 15:16:04;tennis_v2;16,97;109,9;609;Garmin Cloud
2025-04-19 08:24:51;tennis_v2;1,49;42,5;254;Garmin Cloud
2025-04-17 09:11:12;hiking;3,50;60,0;112;Garmin Cloud
2025-04-12 08:07:15;tennis_v2;1,41;35,0;314;Garmin Cloud
2025-04-10 18:12:48;strength_training;0,00;69,1;209;Garmin Cloud
2025-04-09 19:36:37;running;5,03;35,8;361;Garmin Cloud
2025-04-06 09:32:34;trail_running;4,41;40,6;336;Garmin Cloud
2025-04-05 08:24:48;tennis_v2;4,46;119,3;635;Garmin Cloud
2025-04-02 20:00:40;running;5,05;31,3;348;Garmin Cloud
2025-04-02 19:41:18;running;1,64;11,3;118;Garmin Cloud
2025-04-01 19:09:24;indoor_cardio;0,00;44,1;177;Garmin Cloud
2025-03-30 08:09:35;running;5,02;27,0;336;Garmin Cloud
2025-03-29 08:02:18;tennis_v2;2,67;59,9;374;Garmin Cloud
2025-03-28 19:59:53;running;2,13;13,2;148;Garmin Cloud
2025-03-28 19:40:57;running;2,01;13,6;146;Garmin Cloud
2025-03-26 20:00:14;running;5,03;31,8;360;Garmin Cloud
2025-03-26 19:42:06;running;1,96;13,4;147;Garmin Cloud
2025-03-22 09:56:42;tennis_v2;3,18;70,5;472;Garmin Cloud
2025-03-22 08:01:05;tennis_v2;2,41;70,5;371;Garmin Cloud
2025-03-21 19:15:31;running;5,95;45,3;397;Garmin Cloud
2025-03-19 19:41:25;running;4,57;30,5;315;Garmin Cloud
2025-03-17 20:02:37;running;3,49;23,0;224;Garmin Cloud
2025-03-15 09:11:21;tennis_v2;4,45;73,6;351;Garmin Cloud
2025-03-12 19:42:10;running;4,40;30,8;271;Garmin Cloud
2025-03-09 08:18:28;tennis_v2;3,25;107,7;407;Garmin Cloud
2025-03-07 19:42:20;running;6,75;52,7;443;Garmin Cloud
2025-03-05 19:43:15;running;3,52;26,6;238;Garmin Cloud
2025-02-28 15:18:46;trail_running;2,55;43,4;219;Garmin Cloud
2025-02-27 17:33:38;walking;0,97;26,1;102;Garmin Cloud
2025-02-27 16:44:10;hiking;0,32;5,8;26;Garmin Cloud
2025-02-27 15:49:53;running;0,26;0,9;6;Garmin Cloud
2025-02-27 15:37:55;running;0,49;3,8;30;Garmin Cloud
2025-02-27 15:16:27;running;0,33;1,1;9;Garmin Cloud
2025-02-27 15:06:25;running;0,54;2,5;20;Garmin Cloud
2025-02-22 08:45:15;tennis_v2;0,73;20,5;278;Garmin Cloud
2025-02-19 20:12:01;running;0,54;3,6;39;Garmin Cloud
2025-02-19 19:35:58;running;4,26;29,7;315;Garmin Cloud
2025-02-15 18:00:06;trail_running;17,41;211,9;1;Garmin Cloud
2025-02-15 10:55:40;walking;1,06;22,1;81;Garmin Cloud
2025-02-08 09:11:32;tennis_v2;1,86;49,3;377;Garmin Cloud
2025-02-03 19:42:31;running;4,90;45,1;372;Garmin Cloud
2025-02-01 08:03:38;tennis_v2;3,83;87,7;787;Garmin Cloud
2025-01-25 20:25:45;trail_running;12,77;103,4;925;Garmin Cloud
2025-01-24 19:55:30;running;3,28;21,7;236;Garmin Cloud
2025-01-24 19:38:20;running;2,01;12,7;142;Garmin Cloud
2025-01-19 09:36:30;walking;2,23;36,7;145;Garmin Cloud
2025-01-19 08:08:05;running;12,77;86,6;920;Garmin Cloud
2025-01-18 08:26:15;tennis_v2;5,23;108,0;664;Garmin Cloud
2025-01-17 19:58:44;running;3,76;24,4;290;Garmin Cloud
2025-01-17 19:40:06;running;2,12;12,9;148;Garmin Cloud
2025-01-15 19:42:04;running;4,85;32,7;373;Garmin Cloud
2025-01-12 18:47:34;running;2,26;13,7;160;Garmin Cloud
2025-01-11 09:12:06;tennis_v2;1,82;54,5;353;Garmin Cloud
2025-01-10 19:56:11;running;4,38;29,4;332;Garmin Cloud
2025-01-10 19:39:09;running;1,97;12,6;147;Garmin Cloud
2025-01-06 08:07:46;running;5,01;29,2;393;Garmin Cloud
2025-01-04 18:22:19;tennis_v2;4,66;70,4;465;Garmin Cloud
2025-01-02 19:11:49;tennis_v2;1,95;56,2;732;Garmin Cloud
2024-12-28 09:01:08;tennis_v2;4,10;100,3;746;Garmin Cloud
2024-12-23 19:42:57;running;7,19;58,1;571;Garmin Cloud
2024-12-20 19:40:20;running;7,83;54,5;581;Garmin Cloud
2024-12-16 19:53:48;running;4,07;27,2;298;Garmin Cloud
2024-12-16 19:38:22;running;1,96;13,0;144;Garmin Cloud
2024-12-14 09:40:55;tennis_v2;1,03;28,6;233;Garmin Cloud
2024-12-11 19:59:15;running;2,68;18,2;194;Garmin Cloud
2024-12-11 19:45:03;running;1,40;9,0;101;Garmin Cloud
2024-12-08 08:07:23;trail_running;14,33;140,5;1;Garmin Cloud
2024-12-04 19:40:33;running;6,87;51,6;534;Garmin Cloud
2024-12-01 09:09:54;running;5,43;28,4;382;Garmin Cloud
2024-11-30 09:15:40;tennis_v2;2,13;70,3;438;Garmin Cloud
2024-11-25 19:41:30;running;3,55;27,8;281;Garmin Cloud
2024-11-23 09:13:55;tennis_v2;3,63;84,2;591;Garmin Cloud
2024-11-22 19:36:36;running;8,12;60,2;590;Garmin Cloud
2024-11-16 19:43:41;running;10,09;66,1;752;Garmin Cloud
2024-11-16 09:08:52;tennis_v2;1,93;47,2;439;Garmin Cloud
2024-11-13 19:56:04;running;5,09;35,4;409;Garmin Cloud
2024-11-13 19:38:48;running;1,70;12,1;129;Garmin Cloud
2024-11-11 19:55:39;running;3,06;20,6;243;Garmin Cloud
2024-11-11 19:37:31;running;1,99;13,1;155;Garmin Cloud
2024-11-10 10:05:35;trail_running;8,66;70,2;854;Garmin Cloud
2024-11-10 09:38:47;running;1,19;8,6;95;Garmin Cloud
2024-11-02 09:04:56;tennis_v2;2,44;67,1;436;Garmin Cloud
2024-11-01 19:58:24;running;4,69;33,5;332;Garmin Cloud
2024-11-01 19:41:26;running;1,74;11,6;128;Garmin Cloud
2024-10-30 11:40:07;breathwork;0,00;5,6;0;Garmin Cloud
2024-10-28 19:47:19;running;6,33;42,3;465;Garmin Cloud
2024-10-28 19:39:41;running;0,84;5,8;61;Garmin Cloud
2024-10-27 19:37:10;running;10,06;64,6;812;Garmin Cloud
2024-10-21 19:58:57;running;1,51;10,4;119;Garmin Cloud
2024-10-21 19:38:00;running;2,01;13,3;152;Garmin Cloud
2024-10-19 10:03:36;treadmill_running;9,41;52,3;583;Garmin Cloud
2024-10-16 19:40:15;running;5,75;41,8;444;Garmin Cloud
2024-10-15 18:29:36;running;0,31;1,9;19;Garmin Cloud
2024-10-15 18:08:53;running;2,86;18,9;218;Garmin Cloud
2024-10-12 15:59:45;running;5,08;27,0;383;Garmin Cloud
2024-10-12 09:25:24;tennis_v2;1,44;33,4;242;Garmin Cloud
2024-10-09 19:39:34;running;5,65;34,8;408;Garmin Cloud
2024-10-07 19:59:12;running;2,84;20,5;210;Garmin Cloud
2024-10-07 19:45:34;running;1,56;10,9;123;Garmin Cloud
2024-10-06 09:46:14;trail_running;7,40;69,4;644;Garmin Cloud
2024-10-04 19:12:07;running;4,01;25,5;291;Garmin Cloud
2024-10-02 20:00:50;running;5,01;28,6;360;Garmin Cloud
2024-10-02 19:41:05;running;1,94;13,0;142;Garmin Cloud
2024-10-01 17:59:23;running;2,60;14,4;174;Garmin Cloud
2024-09-28 16:20:42;running;5,67;32,8;406;Garmin Cloud
2024-09-25 19:45:55;running;10,01;68,8;729;Garmin Cloud
2024-09-23 19:39:33;running;6,08;43,0;447;Garmin Cloud
2024-09-21 18:48:04;running;10,01;66,2;769;Garmin Cloud
2024-09-21 09:05:12;tennis_v2;2,80;60,1;479;Garmin Cloud
2024-09-18 19:38:56;running;4,92;35,2;378;Garmin Cloud
2024-09-11 19:39:52;running;5,66;36,8;444;Garmin Cloud
2024-09-08 08:18:49;running;5,08;30,1;364;Garmin Cloud
2024-09-07 09:21:37;tennis_v2;5,25;47,3;356;Garmin Cloud
2024-09-03 18:18:45;running;6,01;37,9;449;Garmin Cloud
2024-09-02 19:39:53;running;4,76;30,7;362;Garmin Cloud
2024-08-28 19:39:12;street_running;5,40;38,6;411;Garmin Cloud
2024-08-27 17:58:58;street_running;6,01;36,1;435;Garmin Cloud
2024-08-24 09:14:37;tennis_v2;3,59;87,0;718;Garmin Cloud
2024-08-23 19:40:14;street_running;6,07;43,9;440;Garmin Cloud
2024-08-18 09:06:34;trail_running;6,89;63,8;620;Garmin Cloud
2024-08-17 16:56:11;hiking;2,72;62,6;224;Garmin Cloud
2024-08-17 11:20:46;hiking;4,41;113,5;379;Garmin Cloud
2024-08-14 19:37:48;street_running;4,86;32,3;359;Garmin Cloud
2024-08-12 19:44:25;street_running;5,81;47,5;437;Garmin Cloud
2024-08-07 19:39:46;street_running;1,74;14,6;147;Garmin Cloud
2024-08-05 19:42:29;street_running;5,44;37,9;430;Garmin Cloud
2024-08-04 14:12:38;breathwork;0,00;5,6;0;Garmin Cloud
2024-07-21 10:00:00;running;5,00;32,0;393;Garmin Cloud
2026-01-13 18:56:04;walking;2,85;80,2;201;Garmin Cloud
2026-01-18 19:31:28;cycling;15,24;52,7;417;Garmin Cloud
