Fecha;Fuente;Tipo;Duracion_min;Distancia_km
2021-10-04 20:57:55;Runkeeper;Walking;32,2;0,00
2021-10-05 20:00:15;Runkeeper;Walking;31,7;0,00
2021-10-14 18:14:08;Runkeeper;Walking;37,6;0,00
2021-11-07 17:49:58;Runkeeper;Walking;30,4;0,00
2021-11-08 19:19:00;Runkeeper;Walking;14,2;0,00
2021-11-10 18:52:06;Runkeeper;Walking;41,1;0,00
2021-11-11 18:36:49;Runkeeper;Walking;42,8;0,00
2021-11-12 19:47:21;Runkeeper;Walking;28,6;0,00
2021-11-14 17:28:18;Runkeeper;Walking;45,4;0,00
2021-11-17 19:39:55;Runkeeper;Walking;19,0;0,00
2021-11-19 19:51:29;Runkeeper;Walking;30,0;0,00
2021-11-26 18:45:46;Runkeeper;Walking;39,0;0,00
2021-11-30 18:37:21;Runkeeper;Walking;47,8;0,00
2021-12-01 18:58:46;Runkeeper;Walking;34,4;0,00
2021-12-02 18:30:26;Runkeeper;Walking;37,0;0,00
2021-12-04 17:32:00;Runkeeper;Walking;56,5;0,00
2021-12-06 19:03:40;Runkeeper;Walking;48,0;0,00
2021-12-08 18:44:07;Runkeeper;Walking;44,7;0,00
2021-12-10 19:57:06;Runkeeper;Walking;29,4;0,00
2021-12-23 18:52:37;Runkeeper;Walking;54,6;0,00
2021-12-28 19:03:10;Runkeeper;Walking;59,9;0,00
2022-01-24 19:59:12;Runkeeper;Walking;40,6;0,00
2022-01-26 18:41:16;Runkeeper;Walking;42,3;0,00
2022-01-27 19:25:06;Runkeeper;Walking;53,1;0,00
2022-01-31 18:11:55;Runkeeper;Walking;49,2;0,00
2022-02-01 20:02:59;Runkeeper;Walking;35,2;0,00
2022-02-07 19:11:25;Runkeeper;Walking;50,4;0,00
2022-02-09 19:03:33;Runkeeper;Walking;39,7;0,00
2022-02-14 18:55:58;Runkeeper;Walking;24,4;0,00
2022-02-14 19:22:04;Runkeeper;Carrera;1,3;0,00
2022-02-14 19:23:53;Runkeeper;Walking;24,1;0,00
2022-02-18 19:21:04;Runkeeper;Walking;49,7;0,00
2022-02-19 17:53:19;Runkeeper;Walking;33,3;0,00
2022-02-19 18:29:40;Runkeeper;Carrera;3,6;0,00
2022-09-03 15:46:45;Runkeeper;Carrera;42,5;0,00
2022-09-04 17:53:12;Runkeeper;Carrera;59,3;0,00
2022-09-06 18:23:56;Runkeeper;Carrera;47,5;0,00
2022-09-07 19:13:34;Runkeeper;Carrera;39,7;0,00
2022-09-10 16:38:31;Runkeeper;Carrera;75,9;0,00
2022-09-11 17:10:58;Runkeeper;Carrera;43,2;0,00
2022-09-15 14:48:57;Runkeeper;Carrera;30,6;0,00
2022-09-17 14:48:24;Runkeeper;Carrera;43,2;0,00
2022-09-21 17:00:30;Runkeeper;Carrera;61,0;0,00
2022-09-25 18:00:05;Runkeeper;Carrera;51,4;0,00
2022-09-28 18:49:24;Runkeeper;Walking;37,4;0,00
2022-10-02 16:40:27;Runkeeper;Walking;36,8;0,00
2022-10-04 18:21:15;Runkeeper;Walking;35,1;0,00
2022-10-07 17:45:48;Runkeeper;Walking;40,8;0,00
2022-10-10 08:57:19;Runkeeper;Walking;66,3;0,00
2022-10-19 19:15:19;Runkeeper;Walking;30,7;0,00
2022-10-20 18:24:12;Runkeeper;Walking;49,8;0,00
2022-10-23 17:18:03;Runkeeper;Walking;52,3;0,00
2022-10-27 18:26:50;Runkeeper;Walking;39,7;0,00
2022-10-29 18:12:06;Runkeeper;Walking;29,0;0,00
2022-11-02 14:05:00;Runkeeper;Walking;28,6;0,00
2022-11-03 19:07:25;Runkeeper;Walking;30,1;0,00
2022-11-06 17:25:12;Runkeeper;Walking;50,2;0,00
2022-11-15 18:32:11;Runkeeper;Walking;59,1;0,00
2022-11-16 19:48:41;Runkeeper;Walking;46,3;0,00
2022-11-22 19:11:28;Runkeeper;Walking;50,5;0,00
2022-11-25 19:41:36;Runkeeper;Walking;37,8;0,00
2022-11-27 18:38:55;Runkeeper;Walking;51,5;0,00
2022-11-29 18:37:44;Runkeeper;Walking;28,3;0,00
2022-11-30 19:33:57;Runkeeper;Walking;48,7;0,00
2022-12-02 19:03:02;Runkeeper;Walking;53,3;0,00
2022-12-05 21:30:48;Apple Watch de Gonzalo;Walking;1,9;0,00
2022-12-06 01:57:05;Apple Watch de Gonzalo;Walking;7,7;0,00
2022-12-06 17:11:50;Apple Watch de Gonzalo;Walking;2,1;0,00
2022-12-13 18:27:26;Apple Watch de Gonzalo;Walking;60,3;0,00
2022-12-13 20:53:55;Apple Watch de Gonzalo;Walking;1,6;0,00
2022-12-14 19:26:45;Runkeeper;Walking;56,3;0,00
2022-12-15 19:28:01;Runkeeper;Walking;82,9;0,00
2022-12-16 19:25:15;Runkeeper;Walking;39,1;0,00
2022-12-17 21:47:21;Apple Watch de Gonzalo;Other;41,6;0,00
2022-12-25 18:55:22;Runkeeper;Walking;62,4;0,00
2022-12-28 19:05:18;Runkeeper;Walking;32,3;0,00
2022-12-29 17:32:17;Apple Watch de Gonzalo;Walking;21,4;0,00
2022-12-29 17:31:14;Runkeeper;Walking;39,4;0,00
2022-12-29 18:12:27;Apple Watch de Gonzalo;Walking;19,8;0,00
2023-01-02 19:47:21;Runkeeper;Walking;58,2;0,00
2023-01-07 18:46:29;Runkeeper;Walking;69,9;0,00
2023-01-08 19:47:14;Apple Watch de Gonzalo;Walking;42,3;0,00
2023-01-08 19:48:17;Runkeeper;Walking;43,0;0,00
2023-01-12 18:11:41;Runkeeper;Walking;56,3;0,00
2023-01-12 18:12:19;Apple Watch de Gonzalo;Walking;78,7;0,00
2023-01-13 14:05:17;Apple Watch de Gonzalo;Walking;30,1;0,00
2023-01-13 17:35:46;Runkeeper;Walking;39,8;0,00
2023-01-14 20:04:49;Runkeeper;Walking;47,2;0,00
2023-01-21 19:56:22;Runkeeper;Walking;57,1;0,00
2023-01-22 19:53:53;Runkeeper;Walking;46,0;0,00
2023-01-24 20:17:59;Apple Watch de Gonzalo;Walking;17,7;0,00
2023-01-24 19:55:03;Runkeeper;Walking;62,1;0,00
2023-01-27 20:04:59;Runkeeper;Walking;61,8;0,00
2023-02-03 18:32:58;Runkeeper;Walking;57,9;0,00
2023-02-04 20:17:46;Runkeeper;Walking;50,0;0,00
2023-02-05 19:44:25;Runkeeper;Walking;32,5;0,00
2023-02-07 19:49:44;Runkeeper;Walking;38,9;0,00
2023-02-18 10:07:59;Runkeeper;Walking;110,2;0,00
2023-03-08 18:38:40;Runkeeper;Walking;51,1;0,00
2023-03-24 18:21:40;Runkeeper;Carrera;43,3;0,00
2023-04-16 15:39:28;Runkeeper;Walking;6,5;0,00
2023-06-17 11:00:00;TennisKeeper;Tenis;60,0;0,00
2023-06-17 11:56:06;Apple Watch de Gonzalo;Tenis;22,4;0,00
2023-06-24 11:00:00;TennisKeeper;Tenis;60,0;0,00
2023-07-01 11:00:00;TennisKeeper;Tenis;60,0;0,00
2023-07-08 11:00:00;TennisKeeper;Tenis;60,0;0,00
2023-07-15 11:00:00;TennisKeeper;Tenis;60,0;0,00
2023-07-15 12:00:00;TennisKeeper;Tenis;60,0;0,00
2023-07-15 11:15:36;Apple Watch de Gonzalo;Tenis;120,1;0,00
2023-07-18 11:00:00;TennisKeeper;Tenis;60,0;0,00
2023-07-22 11:00:00;TennisKeeper;Tenis;60,0;0,00
2023-07-23 18:00:00;TennisKeeper;Tenis;60,0;0,00
2023-07-26 06:40:15;Apple Watch de Gonzalo;Tenis;1,2;0,00
2023-07-26 07:28:28;Apple Watch de Gonzalo;Tenis;11,7;0,00
2023-07-29 11:00:00;TennisKeeper;Tenis;60,0;0,00
2023-08-05 11:00:00;TennisKeeper;Tenis;60,0;0,00
2023-08-05 16:30:10;Runkeeper;Walking;50,1;0,00
2023-08-08 18:17:45;Apple Watch de Gonzalo;Tenis;56,3;0,00
2023-08-17 18:59:52;Apple Watch de Gonzalo;Carrera;4,5;0,00
2023-08-19 11:00:00;TennisKeeper;Tenis;60,0;0,00
2023-08-20 10:30:00;TennisKeeper;Tenis;60,0;0,00
2023-08-26 11:00:00;TennisKeeper;Tenis;60,0;0,00
2023-08-27 15:59:20;Runkeeper;Other;73,3;0,00
2023-08-31 18:49:22;Runkeeper;Walking;48,0;0,00
2023-09-02 11:00:00;TennisKeeper;Tenis;60,0;0,00
2023-09-02 11:11:54;Apple Watch de Gonzalo;Tenis;288,3;0,00
2023-09-08 18:51:34;Runkeeper;Walking;52,3;0,00
2023-09-09 11:00:00;TennisKeeper;Tenis;60,0;0,00
2023-09-09 11:08:40;Apple Watch de Gonzalo;Tenis;125,5;0,00
2023-09-09 15:50:45;Runkeeper;Walking;45,6;0,00
2023-09-10 13:00:00;TennisKeeper;Tenis;300,0;0,00
2023-09-15 18:46:33;Runkeeper;Walking;37,7;0,00
2023-09-16 11:00:00;TennisKeeper;Tenis;60,0;0,00
2023-09-16 11:11:44;Apple Watch de Gonzalo;Tenis;82,8;0,00
2023-09-21 14:24:12;Runkeeper;Walking;21,6;0,00
2023-09-23 11:00:00;TennisKeeper;Tenis;60,0;0,00
2023-09-23 11:07:21;Apple Watch de Gonzalo;Tenis;72,9;0,00
2023-09-23 17:33:31;Runkeeper;Walking;70,0;0,00
2023-09-29 18:27:24;Runkeeper;Walking;27,5;0,00
2023-09-30 11:00:00;TennisKeeper;Tenis;60,0;0,00
2023-09-30 11:12:57;Apple Watch de Gonzalo;Tenis;55,6;0,00
2023-10-01 16:10:27;Apple Watch de Gonzalo;Tenis;87,2;0,00
2023-10-01 16:00:00;TennisKeeper;Tenis;105,0;0,00
2023-10-07 18:14:16;Runkeeper;Walking;66,0;0,00
2023-10-07 20:00:20;Apple Watch de Gonzalo;Carrera;15,1;0,00
2023-10-08 17:00:00;TennisKeeper;Tenis;105,0;0,00
2023-10-10 19:11:44;Runkeeper;Walking;63,9;0,00
2023-10-14 11:00:00;TennisKeeper;Tenis;60,0;0,00
2023-10-15 18:18:13;Apple Watch de Gonzalo;Walking;78,7;0,00
2023-10-17 19:02:59;Runkeeper;Walking;62,6;0,00
2023-10-20 18:54:01;Runkeeper;Walking;71,3;0,00
2023-10-21 09:00:00;TennisKeeper;Tenis;60,0;0,00
2023-10-21 09:17:34;Apple Watch de Gonzalo;Tenis;55,8;0,00
2023-10-22 12:30:00;TennisKeeper;Tenis;50,0;0,00
2023-10-22 12:26:48;Apple Watch de Gonzalo;Tenis;63,3;0,00
2023-10-25 19:18:22;Runkeeper;Walking;48,8;0,00
2023-10-28 09:00:00;TennisKeeper;Tenis;60,0;0,00
2023-10-29 17:29:58;Runkeeper;Walking;57,6;0,00
2023-11-04 09:00:00;TennisKeeper;Tenis;60,0;0,00
2023-11-04 11:38:36;Apple Watch de Gonzalo;Other;129,4;0,00
2023-11-04 18:25:35;Runkeeper;Walking;27,6;0,00
2023-11-05 16:00:00;TennisKeeper;Tenis;120,0;0,00
2023-11-05 16:13:35;Apple Watch de Gonzalo;Tenis;137,0;0,00
2023-11-05 19:20:22;Runkeeper;Walking;27,9;0,00
2023-11-05 19:30:12;Apple Watch de Gonzalo;Walking;18,8;0,00
2023-11-11 09:00:00;TennisKeeper;Tenis;60,0;0,00
2023-11-12 09:00:00;TennisKeeper;Tenis;180,0;0,00
2023-11-18 09:00:00;TennisKeeper;Tenis;60,0;0,00
2023-11-18 09:26:32;Apple Watch de Gonzalo;Tenis;51,4;0,00
2023-11-19 19:03:23;Runkeeper;Walking;59,4;0,00
2023-11-21 19:31:23;Apple Watch de Gonzalo;Walking;32,8;0,00
2023-11-21 19:31:48;Runkeeper;Walking;34,7;0,00
2023-11-22 19:29:45;Runkeeper;Walking;31,7;0,00
2023-11-22 19:28:47;Apple Watch de Gonzalo;Walking;36,7;0,00
2023-11-25 09:00:00;TennisKeeper;Tenis;60,0;0,00
2023-11-28 18:00:00;TennisKeeper;Tenis;60,0;0,00
2023-11-29 19:18:01;Runkeeper;Walking;58,5;0,00
2023-11-30 19:32:47;Runkeeper;Walking;61,7;0,00
2023-11-30 19:33:10;Apple Watch de Gonzalo;Walking;86,5;0,00
2023-12-02 09:00:00;TennisKeeper;Tenis;120,0;0,00
2023-12-02 11:00:00;TennisKeeper;Tenis;90,0;0,00
2023-12-02 09:24:51;Apple Watch de Gonzalo;Tenis;209,2;0,00
2023-12-08 20:12:49;Apple Watch de Gonzalo;Tenis;135,3;0,00
2023-12-12 19:36:11;Apple Watch de Gonzalo;Tenis;35,7;0,00
2023-12-13 18:47:04;Runkeeper;Walking;60,0;0,00
2023-12-19 18:48:33;Runkeeper;Walking;51,6;0,00
2023-12-21 19:35:35;Runkeeper;Walking;54,5;0,00
2023-12-23 09:02:20;Apple Watch de Gonzalo;Tenis;74,7;0,00
2024-01-01 20:21:22;Apple Watch de Gonzalo;Tenis;113,3;0,00
2024-01-12 23:06:13;Apple Watch de Gonzalo;Tenis;7,3;0,00
2024-01-21 00:10:56;Apple Watch de Gonzalo;Tenis;1,2;0,00
2024-02-03 08:20:23;Apple Watch de Gonzalo;Tenis;97,5;0,00
2024-02-25 18:13:50;Apple Watch de Gonzalo;Walking;64,0;0,00
2024-03-02 09:39:24;Apple Watch de Gonzalo;Tenis;97,4;0,00
2024-03-06 19:11:45;Runkeeper;Carrera;52,5;0,00
2024-03-15 18:02:10;Apple Watch de Gonzalo;Tenis;75,1;0,00
2024-03-16 09:00:56;Apple Watch de Gonzalo;Tenis;60,2;0,00
2024-03-22 18:20:29;Apple Watch de Gonzalo;Tenis;61,5;0,00
2024-04-12 18:14:02;Apple Watch de Gonzalo;Tenis;60,1;0,00
2024-04-13 09:08:13;Apple Watch de Gonzalo;Tenis;35,4;0,00
2024-05-09 19:07:52;Apple Watch de Gonzalo;Tenis;111,6;0,00
2024-05-10 18:20:32;Apple Watch de Gonzalo;Tenis;42,2;0,00
2024-05-11 09:11:05;Apple Watch de Gonzalo;Tenis;82,5;0,00
2024-05-17 18:27:55;Apple Watch de Gonzalo;Tenis;32,1;0,00
2024-05-18 09:05:47;Apple Watch de Gonzalo;Tenis;74,1;0,00
2024-05-24 18:57:29;Apple Watch de Gonzalo;Tenis;76,1;0,00
2024-05-25 09:18:01;Apple Watch de Gonzalo;Tenis;133,9;0,00
2024-05-29 19:44:32;Apple Watch de Gonzalo;Tenis;110,7;0,00
2024-05-31 18:44:24;Apple Watch de Gonzalo;Tenis;81,5;0,00
2024-06-08 08:58:31;Apple Watch de Gonzalo;Tenis;127,3;0,00
2024-06-10 19:41:46;Apple Watch de Gonzalo;Walking;50,3;0,00
2024-06-12 19:39:47;Apple Watch de Gonzalo;Walking;46,3;0,00
2024-06-15 11:11:19;Apple Watch de Gonzalo;Tenis;91,5;0,00
2024-06-17 19:40:22;Nike Run Club;Carrera;42,2;0,00
2024-06-21 19:38:49;Runkeeper;Carrera;48,3;0,00
2024-06-23 16:15:00;TennisKeeper;Tenis;55,0;0,00
2024-06-23 16:00:08;Apple Watch de Gonzalo;Tenis;77,5;0,00
2024-06-24 19:36:59;Runkeeper;Carrera;42,9;0,00
2024-06-29 08:47:25;Apple Watch de Gonzalo;Tenis;135,2;0,00
2024-06-30 09:10:59;Apple Watch de Gonzalo;Tenis;69,9;0,00
2024-07-01 19:38:40;Apple Watch de Gonzalo;Carrera;38,6;0,00
2024-07-03 19:40:06;Apple Watch de Gonzalo;Carrera;38,4;0,00
2024-07-06 09:38:38;Apple Watch de Gonzalo;Tenis;26,5;0,00
2024-07-13 08:46:31;Apple Watch de Gonzalo;Tenis;165,8;0,00
2024-07-14 14:59:54;Apple Watch de Gonzalo;Tenis;62,7;0,00
2024-07-15 19:38:46;Running;Carrera;56,2;0,00
2024-07-17 19:39:13;Apple Watch de Gonzalo;Walking;42,4;0,00
2024-07-21 10:00:18;Apple Watch de Gonzalo;Carrera;9,4;0,00
2024-07-21 10:19:31;Apple Watch de Gonzalo;Carrera;32,5;0,00
2024-07-22 19:39:19;Apple Watch de Gonzalo;Carrera;40,3;0,00
2024-07-26 19:39:05;Apple Watch de Gonzalo;Carrera;13,7;0,00
2024-07-26 19:57:09;Apple Watch de Gonzalo;Carrera;30,3;0,00
2024-07-27 10:23:06;Apple Watch de Gonzalo;Tenis;36,9;0,00
2024-07-29 19:37:17;Apple Watch de Gonzalo;Carrera;36,6;0,00
2024-07-31 19:39:14;Apple Watch de Gonzalo;Carrera;43,1;0,00
