Fecha;Peso;Grasa_Pct;Masa_Muscular_Kg;Fuente
2026-01-19 02:48:17;80,38;23,32;58,55;Withings Cloud
2026-01-18 11:50:44;79,53;26,27;55,66;Withings Cloud
2026-01-16 09:08:40;78,61;25,93;55,28;Withings Cloud
2026-01-15 21:22:27;78,32;23,89;56,61;Withings Cloud
2026-01-13 08:06:09;79,78;40,93;44,39;Withings Cloud
2026-01-12 08:55:06;80,17;25,98;56,34;Withings Cloud
2026-01-11 12:00:38;80,35;;;Withings Cloud
2026-01-10 19:44:02;80,51;;;Withings Cloud
2026-01-07 08:47:02;80,67;;;Withings Cloud
