Fecha;Tipo;Distancia (km);Duracion (min);Calorias;FC Media;FC Max;Elevacion (m);Cadencia_Media;Fuente;Calzado;Evento_Nombre;Stress_Score
2026-01-18 19:31:28;Ciclismo;15,24;52,7;417.0;;;;;Garmin Cloud;Brooks Adrenaline GTS 23;Entrenamiento;30.1
2026-01-13 18:56:04;Caminata;2,85;80,2;201.0;;;;;Garmin Cloud;Brooks Adrenaline GTS 23;Entrenamiento;92.3
2025-12-27 19:38:59;Ciclismo;4,74;32,8;145.0;;;;;Garmin Cloud;Brooks Adrenaline GTS 23;Entrenamiento;19.2
2025-12-18 19:38:37;Ciclismo;4,65;15,6;164.0;;;;;Garmin Cloud;Brooks Adrenaline GTS 23;Entrenamiento;7.8
2025-11-10 20:23:53;Tenis;3,94;77,4;307.0;;;;;Garmin Cloud;Babolat Fury 3;Tenis;368.9
2025-11-09 08:03:26;Tenis;2,96;74,1;527.0;;;;;Garmin Cloud;Babolat Fury 3;Tenis;333.4
2025-11-08 07:58:21;Tenis;4,75;138,4;573.0;;;;;Garmin Cloud;Babolat Fury 3;Tenis;640.5
2025-11-02 08:17:57;Tenis;4,04;114,0;677.0;;;;;Garmin Cloud;Babolat Fury 3;Tenis;525.9
2025-11-01 08:20:00;Tenis;1,53;40,4;393.0;;;;;Garmin Cloud;Babolat Fury 3;Tenis;192.1
2025-10-26 08:24:01;Tenis;5,05;82,6;471.0;;;;;Garmin Cloud;Babolat Fury 3;Tenis;411.7
2025-10-25 09:54:41;Running;4,89;28,8;346.0;;;;;Garmin Cloud;Brooks Adrenaline GTS 23;Entrenamiento;72.0
2025-10-18 09:17:48;Tenis;3,74;95,9;587.0;;;;;Garmin Cloud;Babolat Fury 3;Tenis;464.5
2025-10-18 08:08:54;Tenis;2,05;53,8;389.0;;;;;Garmin Cloud;Babolat Fury 3;Tenis;260.6
2025-10-13 19:41:29;Running;0,56;5,8;40.0;;;;;Garmin Cloud;Brooks Adrenaline GTS 23;Entrenamiento;14.5
2025-10-11 14:19:57;Tenis;0,05;46,2;202.0;;;;;Garmin Cloud;Babolat Fury 3;Tenis;221.0
2025-10-11 07:53:53;Tenis;4,51;130,9;619.0;;;;;Garmin Cloud;Babolat Fury 3;Tenis;626.3
2025-10-08 20:00:55;Running;1,25;6,7;80.0;;;;;Garmin Cloud;Brooks Adrenaline GTS 23;Entrenamiento;18.3
2025-10-08 19:42:14;Running;1,65;11,3;119.0;;;;;Garmin Cloud;Brooks Adrenaline GTS 23;Entrenamiento;30.8
2025-10-06 19:58:34;Running;5,05;37,0;356.0;;;;;Garmin Cloud;Brooks Adrenaline GTS 23;Entrenamiento;104.6
2025-10-06 19:41:38;Running;1,67;11,7;120.0;;;;;Garmin Cloud;Brooks Adrenaline GTS 23;Entrenamiento;33.1
2025-10-04 09:12:16;Tenis;1,97;55,5;448.0;;;;;Garmin Cloud;Babolat Fury 3;Tenis;260.3
2025-10-04 08:08:16;Tenis;2,16;60,8;447.0;;;;;Garmin Cloud;Babolat Fury 3;Tenis;285.2
2025-10-01 19:57:58;Running;2,05;14,9;149.0;;;;;Garmin Cloud;Brooks Adrenaline GTS 23;Entrenamiento;40.7
2025-10-01 19:38:47;Running;1,98;13,2;141.0;;;;;Garmin Cloud;Brooks Adrenaline GTS 23;Entrenamiento;36.0
2025-09-29 19:38:16;Running;4,72;39,3;340.0;;;;;Garmin Cloud;Brooks Adrenaline GTS 23;Entrenamiento;98.2
2025-09-27 08:11:24;Tenis;1,08;24,6;226.0;;;;;Garmin Cloud;Babolat Fury 3;Tenis;110.7
2025-09-26 19:38:40;Running;5,59;46,0;432.0;;;;;Garmin Cloud;Brooks Adrenaline GTS 23;Entrenamiento;115.0
2025-09-24 19:40:45;Running;3,89;29,4;267.0;;;;;Garmin Cloud;Brooks Adrenaline GTS 23;Entrenamiento;75.7
2025-09-13 08:34:16;Tenis;1,32;34,0;254.0;;;;;Garmin Cloud;Babolat Fury 3;Tenis;153.0
2025-09-06 08:09:40;Tenis;1,77;59,8;378.0;;;;;Garmin Cloud;Babolat Fury 3;Tenis;300.3
2025-08-30 08:02:19;Tenis;3,06;93,2;501.0;;;;;Garmin Cloud;Babolat Fury 3;Tenis;467.2
2025-07-27 10:39:30;Running;9,19;90,1;679.0;;;;;Garmin Cloud;Brooks Adrenaline GTS 23;Entrenamiento;225.2
2025-07-27 10:23:00;Running;0,51;3,8;32.0;;;;;Garmin Cloud;Brooks Adrenaline GTS 23;Entrenamiento;9.5
2025-07-23 19:39:56;Running;4,80;37,5;314.0;;;;;Garmin Cloud;Brooks Adrenaline GTS 23;Entrenamiento;93.8
2025-06-08 11:20:04;Running;7,31;75,9;564.0;;;;;Garmin Cloud;Brooks Adrenaline GTS 23;Entrenamiento;189.8
2025-05-31 17:10:01;Tenis;4,21;70,8;289.0;;;;;Garmin Cloud;Babolat Fury 3;Tenis;318.6
2025-05-31 08:13:45;Tenis;1,53;48,8;336.0;;;;;Garmin Cloud;Babolat Fury 3;Tenis;219.6
2025-05-26 19:57:31;Running;3,90;29,5;294.0;;;;;Garmin Cloud;Brooks Adrenaline GTS 23;Entrenamiento;73.8
2025-05-26 19:40:07;Running;1,67;12,4;120.0;;;;;Garmin Cloud;Brooks Adrenaline GTS 23;Entrenamiento;31.0
2025-05-07 19:43:34;Running;4,54;37,8;311.0;;;;;Garmin Cloud;Brooks Adrenaline GTS 23;Entrenamiento;98.2
2025-05-03 11:04:47;Indoor_Cardio;0,00;78,1;362.0;;;;;Garmin Cloud;Brooks Adrenaline GTS 23;Entrenamiento;123.9
2025-05-03 08:14:32;Tenis;2,99;86,4;479.0;;;;;Garmin Cloud;Babolat Fury 3;Tenis;411.4
2025-04-30 19:42:44;Running;7,07;50,2;527.0;;;;;Garmin Cloud;Brooks Adrenaline GTS 23;Entrenamiento;134.9
2025-04-28 19:58:35;Running;1,51;10,5;112.0;;;;;Garmin Cloud;Brooks Adrenaline GTS 23;Entrenamiento;29.8
2025-04-28 19:40:49;Running;1,99;15,5;149.0;;;;;Garmin Cloud;Brooks Adrenaline GTS 23;Entrenamiento;44.1
2025-04-23 19:39:44;Running;4,29;33,0;328.0;;;;;Garmin Cloud;Brooks Adrenaline GTS 23;Entrenamiento;82.5
2025-04-22 19:11:54;Indoor_Cardio;0,00;59,6;225.0;;;;;Garmin Cloud;Brooks Adrenaline GTS 23;Entrenamiento;97.9
2025-04-20 15:16:04;Tenis;16,97;109,9;609.0;;;;;Garmin Cloud;Babolat Fury 3;Tenis;494.6
2025-04-19 08:24:51;Tenis;1,49;42,5;254.0;;;;;Garmin Cloud;Babolat Fury 3;Tenis;214.0
2025-04-17 09:11:12;Caminata;3,50;60,0;112.0;;;;;Garmin Cloud;Brooks Adrenaline GTS 23;Entrenamiento;60.0
2025-04-12 08:07:15;Tenis;1,41;35,0;314.0;;;;;Garmin Cloud;Babolat Fury 3;Tenis;162.4
2025-04-10 18:12:48;Strength_Training;0,00;69,1;209.0;;;;;Garmin Cloud;Brooks Adrenaline GTS 23;Entrenamiento;112.1
2025-04-09 19:36:37;Running;5,03;35,8;361.0;;;;;Garmin Cloud;Brooks Adrenaline GTS 23;Entrenamiento;101.2
2025-04-06 09:32:34;Running;4,41;40,6;336.0;;;;;Garmin Cloud;Brooks Adrenaline GTS 23;Entrenamiento;117.9
2025-04-05 08:24:48;Tenis;4,46;119,3;635.0;;;;;Garmin Cloud;Babolat Fury 3;Tenis;567.8
2025-04-02 20:00:40;Running;5,05;31,3;348.0;;;;;Garmin Cloud;Brooks Adrenaline GTS 23;Entrenamiento;84.0
2025-04-02 19:41:18;Running;1,64;11,3;118.0;;;;;Garmin Cloud;Brooks Adrenaline GTS 23;Entrenamiento;30.3
2025-04-01 19:09:24;Indoor_Cardio;0,00;44,1;177.0;;;;;Garmin Cloud;Brooks Adrenaline GTS 23;Entrenamiento;74.4
2025-03-30 08:09:35;Running;5,02;27,0;336.0;;;;;Garmin Cloud;Brooks Adrenaline GTS 23;Entrenamiento;71.3
2025-03-29 08:02:18;Tenis;2,67;59,9;374.0;;;;;Garmin Cloud;Babolat Fury 3;Tenis;291.2
2025-03-28 19:59:53;Running;2,13;13,2;148.0;;;;;Garmin Cloud;Brooks Adrenaline GTS 23;Entrenamiento;33.0
2025-03-28 19:40:57;Running;2,01;13,6;146.0;;;;;Garmin Cloud;Brooks Adrenaline GTS 23;Entrenamiento;34.0
2025-03-26 20:00:14;Running;5,03;31,8;360.0;;;;;Garmin Cloud;Brooks Adrenaline GTS 23;Entrenamiento;88.9
2025-03-26 19:42:06;Running;1,96;13,4;147.0;;;;;Garmin Cloud;Brooks Adrenaline GTS 23;Entrenamiento;37.5
2025-03-22 09:56:42;Tenis;3,18;70,5;472.0;;;;;Garmin Cloud;Babolat Fury 3;Tenis;341.6
2025-03-22 08:01:05;Tenis;2,41;70,5;371.0;;;;;Garmin Cloud;Babolat Fury 3;Tenis;341.6
2025-03-21 19:15:31;Running;5,95;45,3;397.0;;;;;Garmin Cloud;Brooks Adrenaline GTS 23;Entrenamiento;122.9
2025-03-19 19:41:25;Running;4,57;30,5;315.0;;;;;Garmin Cloud;Brooks Adrenaline GTS 23;Entrenamiento;82.4
2025-03-17 20:02:37;Running;3,49;23,0;224.0;;;;;Garmin Cloud;Brooks Adrenaline GTS 23;Entrenamiento;64.7
2025-03-15 09:11:21;Tenis;4,45;73,6;351.0;;;;;Garmin Cloud;Babolat Fury 3;Tenis;359.9
2025-03-12 19:42:10;Running;4,40;30,8;271.0;;;;;Garmin Cloud;Brooks Adrenaline GTS 23;Entrenamiento;84.2
2025-03-09 08:18:28;Tenis;3,25;107,7;407.0;;;;;Garmin Cloud;Babolat Fury 3;Tenis;484.7
2025-03-07 19:42:20;Running;6,75;52,7;443.0;;;;;Garmin Cloud;Brooks Adrenaline GTS 23;Entrenamiento;132.8
2025-03-05 19:43:15;Running;3,52;26,6;238.0;;;;;Garmin Cloud;Brooks Adrenaline GTS 23;Entrenamiento;67.6
2025-02-28 15:18:46;Running;2,55;43,4;219.0;;;;;Garmin Cloud;Brooks Adrenaline GTS 23;Entrenamiento;108.5
2025-02-27 17:33:38;Caminata;0,97;26,1;102.0;;;;;Garmin Cloud;Brooks Adrenaline GTS 23;Entrenamiento;26.1
2025-02-27 16:44:10;Caminata;0,32;5,8;26.0;;;;;Garmin Cloud;Brooks Adrenaline GTS 23;Entrenamiento;5.8
2025-02-27 15:49:53;Running;0,26;0,9;6.0;;;;;Garmin Cloud;Brooks Adrenaline GTS 23;Entrenamiento;2.2
2025-02-27 15:37:55;Running;0,49;3,8;30.0;;;;;Garmin Cloud;Brooks Adrenaline GTS 23;Entrenamiento;9.5
2025-02-27 15:16:27;Running;0,33;1,1;9.0;;;;;Garmin Cloud;Brooks Adrenaline GTS 23;Entrenamiento;2.8
2025-02-27 15:06:25;Running;0,54;2,5;20.0;;;;;Garmin Cloud;Brooks Adrenaline GTS 23;Entrenamiento;6.2
2025-02-22 08:45:15;Tenis;0,73;20,5;278.0;;;;;Garmin Cloud;Babolat Fury 3;Tenis;92.2
2025-02-19 20:12:01;Running;0,54;3,6;39.0;;;;;Garmin Cloud;Brooks Adrenaline GTS 23;Entrenamiento;9.0
2025-02-19 19:35:58;Running;4,26;29,7;315.0;;;;;Garmin Cloud;Brooks Adrenaline GTS 23;Entrenamiento;74.2
2025-02-15 18:00:06;Running;17,41;211,9;1.0;;;;;Garmin Cloud;Brooks Adrenaline GTS 23;Entrenamiento;529.8
2025-02-15 10:55:40;Caminata;1,06;22,1;81.0;;;;;Garmin Cloud;Brooks Adrenaline GTS 23;Entrenamiento;22.1
2025-02-08 09:11:32;Tenis;1,86;49,3;377.0;;;;;Garmin Cloud;Babolat Fury 3;Tenis;221.8
2025-02-03 19:42:31;Running;4,90;45,1;372.0;;;;;Garmin Cloud;Brooks Adrenaline GTS 23;Entrenamiento;112.8
2025-02-01 08:03:38;Tenis;3,83;87,7;787.0;;;;;Garmin Cloud;Babolat Fury 3;Tenis;394.7
2025-01-25 20:25:45;Running;12,77;103,4;925.0;;;;;Garmin Cloud;Brooks Adrenaline GTS 23;Entrenamiento;258.5
2025-01-24 19:55:30;Running;3,28;21,7;236.0;;;;;Garmin Cloud;Brooks Adrenaline GTS 23;Entrenamiento;54.2
2025-01-24 19:38:20;Running;2,01;12,7;142.0;;;;;Garmin Cloud;Brooks Adrenaline GTS 23;Entrenamiento;31.8
2025-01-19 09:36:30;Caminata;2,23;36,7;145.0;;;;;Garmin Cloud;Brooks Adrenaline GTS 23;Entrenamiento;36.7
2025-01-19 08:08:05;Running;12,77;86,6;920.0;;;;;Garmin Cloud;Brooks Adrenaline GTS 23;Entrenamiento;216.5
2025-01-18 08:26:15;Tenis;5,23;108,0;664.0;;;;;Garmin Cloud;Babolat Fury 3;Tenis;486.0
2025-01-17 19:58:44;Running;3,76;24,4;290.0;;;;;Garmin Cloud;Brooks Adrenaline GTS 23;Entrenamiento;61.0
2025-01-17 19:40:06;Running;2,12;12,9;148.0;;;;;Garmin Cloud;Brooks Adrenaline GTS 23;Entrenamiento;32.2
2025-01-15 19:42:04;Running;4,85;32,7;373.0;;;;;Garmin Cloud;Brooks Adrenaline GTS 23;Entrenamiento;82.3
2025-01-12 18:47:34;Running;2,26;13,7;160.0;;;;;Garmin Cloud;Brooks Adrenaline GTS 23;Entrenamiento;34.2
2025-01-11 09:12:06;Tenis;1,82;54,5;353.0;;;;;Garmin Cloud;Babolat Fury 3;Tenis;245.2
2025-01-10 19:56:11;Running;4,38;29,4;332.0;;;;;Garmin Cloud;Brooks Adrenaline GTS 23;Entrenamiento;73.5
2025-01-10 19:39:09;Running;1,97;12,6;147.0;;;;;Garmin Cloud;Brooks Adrenaline GTS 23;Entrenamiento;31.5
2025-01-06 08:07:46;Running;5,01;29,2;393.0;;;;;Garmin Cloud;Brooks Adrenaline GTS 23;Entrenamiento;73.0
2025-01-04 18:22:19;Tenis;4,66;70,4;465.0;;;;;Garmin Cloud;Babolat Fury 3;Tenis;316.8
2025-01-02 19:11:49;Tenis;1,95;56,2;732.0;;;;;Garmin Cloud;Babolat Fury 3;Tenis;252.9
2024-12-28 09:01:08;Tenis;4,10;100,3;746.0;;;;;Garmin Cloud;Babolat Fury 3;Tenis;451.3
2024-12-23 19:42:57;Running;7,19;58,1;571.0;;;;;Garmin Cloud;Brooks Adrenaline GTS 23;Entrenamiento;150.4
2024-12-20 19:40:20;Running;7,83;54,5;581.0;;;;;Garmin Cloud;Brooks Adrenaline GTS 23;Entrenamiento;136.2
2024-12-16 19:53:48;Running;4,07;27,2;298.0;;;;;Garmin Cloud;Brooks Adrenaline GTS 23;Entrenamiento;73.0
2024-12-16 19:38:22;Running;1,96;13,0;144.0;;;;;Garmin Cloud;Brooks Adrenaline GTS 23;Entrenamiento;34.9
2024-12-14 09:40:55;Tenis;1,03;28,6;233.0;;;;;Garmin Cloud;Babolat Fury 3;Tenis;132.1
2024-12-11 19:59:15;Running;2,68;18,2;194.0;;;;;Garmin Cloud;Brooks Adrenaline GTS 23;Entrenamiento;45.5
2024-12-11 19:45:03;Running;1,40;9,0;101.0;;;;;Garmin Cloud;Brooks Adrenaline GTS 23;Entrenamiento;22.5
2024-12-08 08:07:23;Running;14,33;140,5;1.0;;;;;Garmin Cloud;Brooks Adrenaline GTS 23;Entrenamiento;351.2
2024-12-04 19:40:33;Running;6,87;51,6;534.0;;;;;Garmin Cloud;Brooks Adrenaline GTS 23;Entrenamiento;129.0
2024-12-01 09:09:54;Running;5,43;28,4;382.0;;;;;Garmin Cloud;Brooks Adrenaline GTS 23;Entrenamiento;71.0
2024-11-30 09:15:40;Tenis;2,13;70,3;438.0;;;;;Garmin Cloud;Babolat Fury 3;Tenis;316.3
2024-11-25 19:41:30;Running;3,55;27,8;281.0;;;;;Garmin Cloud;Brooks Adrenaline GTS 23;Entrenamiento;71.9
2024-11-23 09:13:55;Tenis;3,63;84,2;591.0;;;;;Garmin Cloud;Babolat Fury 3;Tenis;378.9
2024-11-22 19:36:36;Running;8,12;60,2;590.0;;;;;Garmin Cloud;Brooks Adrenaline GTS 23;Entrenamiento;153.6
2024-11-16 19:43:41;Running;10,09;66,1;752.0;;;;;Garmin Cloud;Brooks Adrenaline GTS 23;Entrenamiento;165.2
2024-11-16 09:08:52;Tenis;1,93;47,2;439.0;;;;;Garmin Cloud;Babolat Fury 3;Tenis;212.4
2024-11-13 19:56:04;Running;5,09;35,4;409.0;;;;;Garmin Cloud;Brooks Adrenaline GTS 23;Entrenamiento;88.5
2024-11-13 19:38:48;Running;1,70;12,1;129.0;;;;;Garmin Cloud;Brooks Adrenaline GTS 23;Entrenamiento;30.2
2024-11-11 19:55:39;Running;3,06;20,6;243.0;;;;;Garmin Cloud;Brooks Adrenaline GTS 23;Entrenamiento;52.8
2024-11-11 19:37:31;Running;1,99;13,1;155.0;;;;;Garmin Cloud;Brooks Adrenaline GTS 23;Entrenamiento;33.5
2024-11-10 10:05:35;Running;8,66;70,2;854.0;;;;;Garmin Cloud;Brooks Adrenaline GTS 23;Entrenamiento;177.0
2024-11-10 09:38:47;Running;1,19;8,6;95.0;;;;;Garmin Cloud;Brooks Adrenaline GTS 23;Entrenamiento;21.7
2024-11-02 09:04:56;Tenis;2,44;67,1;436.0;;;;;Garmin Cloud;Babolat Fury 3;Tenis;301.9
2024-11-01 19:58:24;Running;4,69;33,5;332.0;;;;;Garmin Cloud;Brooks Adrenaline GTS 23;Entrenamiento;83.8
2024-11-01 19:41:26;Running;1,74;11,6;128.0;;;;;Garmin Cloud;Brooks Adrenaline GTS 23;Entrenamiento;29.0
2024-10-30 11:40:07;Breathwork;0,00;5,6;0.0;;;;;Garmin Cloud;Brooks Adrenaline GTS 23;Entrenamiento;8.4
2024-10-28 19:47:19;Running;6,33;42,3;465.0;;;;;Garmin Cloud;Brooks Adrenaline GTS 23;Entrenamiento;106.6
2024-10-28 19:39:41;Running;0,84;5,8;61.0;;;;;Garmin Cloud;Brooks Adrenaline GTS 23;Entrenamiento;14.6
2024-10-27 19:37:10;Running;10,06;64,6;812.0;;;;;Garmin Cloud;Brooks Adrenaline GTS 23;Entrenamiento;161.5
2024-10-21 19:58:57;Running;1,51;10,4;119.0;;;;;Garmin Cloud;Brooks Adrenaline GTS 23;Entrenamiento;27.0
2024-10-21 19:38:00;Running;2,01;13,3;152.0;;;;;Garmin Cloud;Brooks Adrenaline GTS 23;Entrenamiento;34.5
2024-10-19 10:03:36;Running;9,41;52,3;583.0;;;;;Garmin Cloud;Brooks Adrenaline GTS 23;Entrenamiento;130.8
2024-10-16 19:40:15;Running;5,75;41,8;444.0;;;;;Garmin Cloud;Brooks Adrenaline GTS 23;Entrenamiento;109.1
2024-10-15 18:29:36;Running;0,31;1,9;19.0;;;;;Garmin Cloud;Brooks Adrenaline GTS 23;Entrenamiento;5.0
2024-10-15 18:08:53;Running;2,86;18,9;218.0;;;;;Garmin Cloud;Brooks Adrenaline GTS 23;Entrenamiento;49.7
2024-10-12 15:59:45;Running;5,08;27,0;383.0;;;;;Garmin Cloud;Brooks Adrenaline GTS 23;Entrenamiento;67.7
2024-10-12 09:25:24;Tenis;1,44;33,4;242.0;;;;;Garmin Cloud;Babolat Fury 3;Tenis;150.7
2024-10-09 19:39:34;Running;5,65;34,8;408.0;;;;;Garmin Cloud;Brooks Adrenaline GTS 23;Entrenamiento;87.6
2024-10-07 19:59:12;Running;2,84;20,5;210.0;;;;;Garmin Cloud;Brooks Adrenaline GTS 23;Entrenamiento;52.5
2024-10-07 19:45:34;Running;1,56;10,9;123.0;;;;;Garmin Cloud;Brooks Adrenaline GTS 23;Entrenamiento;27.9
2024-10-06 09:46:14;Running;7,40;69,4;644.0;;;;;Garmin Cloud;Brooks Adrenaline GTS 23;Entrenamiento;173.6
2024-10-04 19:12:07;Running;4,01;25,5;291.0;;;;;Garmin Cloud;Brooks Adrenaline GTS 23;Entrenamiento;64.7
2024-10-02 20:00:50;Running;5,01;28,6;360.0;;;;;Garmin Cloud;Brooks Adrenaline GTS 23;Entrenamiento;71.5
2024-10-02 19:41:05;Running;1,94;13,0;142.0;;;;;Garmin Cloud;Brooks Adrenaline GTS 23;Entrenamiento;32.5
2024-10-01 17:59:23;Running;2,60;14,4;174.0;;;;;Garmin Cloud;Brooks Adrenaline GTS 23;Entrenamiento;38.2
2024-09-28 16:20:42;Running;5,67;32,8;406.0;;;;;Garmin Cloud;Brooks Adrenaline GTS 23;Entrenamiento;82.0
2024-09-25 19:45:55;Running;10,01;68,8;729.0;;;;;Garmin Cloud;Brooks Adrenaline GTS 23;Entrenamiento;186.4
2024-09-23 19:39:33;Running;6,08;43,0;447.0;;;;;Garmin Cloud;Brooks Adrenaline GTS 23;Entrenamiento;107.5
2024-09-21 18:48:04;Running;10,01;66,2;769.0;;;;;Garmin Cloud;Brooks Adrenaline GTS 23;Entrenamiento;171.6
2024-09-21 09:05:12;Tenis;2,80;60,1;479.0;;;;;Garmin Cloud;Babolat Fury 3;Tenis;280.4
2024-09-18 19:38:56;Running;4,92;35,2;378.0;;;;;Garmin Cloud;Brooks Adrenaline GTS 23;Entrenamiento;88.0
2024-09-11 19:39:52;Running;5,66;36,8;444.0;;;;;Garmin Cloud;Brooks Adrenaline GTS 23;Entrenamiento;96.9
2024-09-08 08:18:49;Running;5,08;30,1;364.0;;;;;Garmin Cloud;Brooks Adrenaline GTS 23;Entrenamiento;75.2
2024-09-07 09:21:37;Tenis;5,25;47,3;356.0;;;;;Garmin Cloud;Babolat Fury 3;Tenis;212.8
2024-09-03 18:18:45;Running;6,01;37,9;449.0;;;;;Garmin Cloud;Brooks Adrenaline GTS 23;Entrenamiento;94.8
2024-09-02 19:39:53;Running;4,76;30,7;362.0;;;;;Garmin Cloud;Brooks Adrenaline GTS 23;Entrenamiento;85.6
2024-08-28 19:39:12;Running;5,40;38,6;411.0;;;;;Garmin Cloud;Brooks Adrenaline GTS 23;Entrenamiento;96.5
2024-08-27 17:58:58;Running;6,01;36,1;435.0;;;;;Garmin Cloud;Brooks Adrenaline GTS 23;Entrenamiento;90.2
2024-08-24 09:14:37;Tenis;3,59;87,0;718.0;;;;;Garmin Cloud;Babolat Fury 3;Tenis;391.5
2024-08-23 19:40:14;Running;6,07;43,9;440.0;;;;;Garmin Cloud;Brooks Adrenaline GTS 23;Entrenamiento;110.0
2024-08-18 09:06:34;Running;6,89;63,8;620.0;;;;;Garmin Cloud;Brooks Adrenaline GTS 23;Entrenamiento;159.5
2024-08-17 16:56:11;Caminata;2,72;62,6;224.0;;;;;Garmin Cloud;Brooks Adrenaline GTS 23;Entrenamiento;62.6
2024-08-17 11:20:46;Caminata;4,41;113,5;379.0;;;;;Garmin Cloud;Brooks Adrenaline GTS 23;Entrenamiento;113.5
2024-08-14 19:37:48;Running;4,86;32,3;359.0;;;;;Garmin Cloud;Brooks Adrenaline GTS 23;Entrenamiento;84.9
2024-08-12 19:44:25;Running;5,81;47,5;437.0;;;;;Garmin Cloud;Brooks Adrenaline GTS 23;Entrenamiento;118.8
2024-08-07 19:39:46;Running;1,74;14,6;147.0;;;;;Garmin Cloud;Brooks Adrenaline GTS 23;Entrenamiento;36.5
2024-08-05 19:42:29;Running;5,44;37,9;430.0;;;;;Garmin Cloud;Brooks Adrenaline GTS 23;Entrenamiento;100.2
2024-08-04 14:12:38;Breathwork;0,00;5,6;0.0;;;;;Garmin Cloud;Brooks Adrenaline GTS 23;Entrenamiento;8.4
2024-07-31 19:39:14;Carrera;0,00;43,1;;;;;;Apple;Brooks Adrenaline GTS 23;Entrenamiento;64.7
2024-07-29 19:37:17;Carrera;0,00;36,6;;;;;;Apple;Brooks Adrenaline GTS 23;Entrenamiento;57.6
2024-07-27 10:23:06;Tenis;0,00;36,9;;;;;;Apple;Babolat Fury 3;Tenis;166.0
2024-07-26 19:57:09;Carrera;0,00;30,3;;;;;;Apple;Brooks Adrenaline GTS 23;Entrenamiento;45.5
2024-07-26 19:39:05;Carrera;0,00;13,7;;;;;;Apple;Brooks Adrenaline GTS 23;Entrenamiento;20.5
2024-07-22 19:39:19;Carrera;0,00;40,3;;;;;;Apple;Brooks Adrenaline GTS 23;Entrenamiento;61.5
2024-07-21 10:19:31;Carrera;0,00;32,5;;;;;;Apple;Brooks Adrenaline GTS 23;Entrenamiento;48.8
2024-07-21 10:00:18;Carrera;0,00;9,4;;;;;;Apple;Brooks Adrenaline GTS 23;Entrenamiento;14.1
2024-07-21 10:00:00;Running;5,00;32,0;393.0;;;;;Garmin Cloud;Brooks Adrenaline GTS 23;Entrenamiento;80.0
2024-07-17 19:39:13;Caminata;0,00;42,4;;;;;;Apple;Brooks Adrenaline GTS 23;Entrenamiento;42.4
2024-07-15 19:38:46;Carrera;0,00;56,2;;;;;;Apple;Brooks Adrenaline GTS 23;Entrenamiento;84.3
2024-07-14 14:59:54;Tenis;0,00;62,7;;;;;;Apple;Babolat Fury 3;Tenis;282.2
2024-07-13 08:46:31;Tenis;0,00;165,8;;;;;;Apple;Babolat Fury 3;Tenis;746.1
2024-07-06 09:38:38;Tenis;0,00;26,5;;;;;;Apple;Babolat Fury 3;Tenis;119.2
2024-07-03 19:40:06;Carrera;0,00;38,4;;;;;;Apple;Brooks Adrenaline GTS 23;Entrenamiento;59.5
2024-07-01 19:38:40;Carrera;0,00;38,6;;;;;;Apple;Brooks Adrenaline GTS 23;Entrenamiento;57.9
2024-06-30 09:10:59;Tenis;0,00;69,9;;;;;;Apple;Babolat Fury 3;Tenis;314.6
2024-06-29 08:47:25;Tenis;0,00;135,2;;;;;;Apple;Babolat Fury 3;Tenis;624.5
2024-06-24 19:36:59;Carrera;0,00;42,9;;;;;;Apple;Brooks Adrenaline GTS 23;Entrenamiento;70.2
2024-06-23 16:15:00;Tenis;0,00;55,0;;;;;;Apple;Babolat Fury 3;Tenis;289.0
2024-06-23 16:00:08;Tenis;0,00;77,5;;;;;;Apple;Babolat Fury 3;Tenis;407.2
2024-06-21 19:38:49;Carrera;0,00;48,3;;;;;;Apple;Brooks Adrenaline GTS 23;Entrenamiento;72.4
2024-06-17 19:40:22;Carrera;0,00;42,2;;;;;;Apple;Brooks Adrenaline GTS 23;Entrenamiento;63.3
2024-06-15 11:11:19;Tenis;0,00;91,5;;;;;;Apple;Babolat Fury 3;Tenis;411.8
2024-06-12 19:39:47;Caminata;0,00;46,3;;;;;;Apple;Brooks Adrenaline GTS 23;Entrenamiento;46.3
2024-06-10 19:41:46;Caminata;0,00;50,3;;;;;;Apple;Brooks Adrenaline GTS 23;Entrenamiento;50.3
2024-06-08 08:58:31;Tenis;0,00;127,3;;;;;;Apple;Babolat Fury 3;Tenis;572.9
2024-05-31 18:44:24;Tenis;0,00;81,5;;;;;;Apple;Babolat Fury 3;Tenis;366.8
2024-05-29 19:44:32;Tenis;0,00;110,7;;;;;;Apple;Babolat Fury 3;Tenis;498.7
2024-05-25 09:18:01;Tenis;0,00;133,9;;;;;;Apple;Babolat Fury 3;Tenis;602.6
2024-05-24 18:57:29;Tenis;0,00;76,1;;;;;;Apple;Babolat Fury 3;Tenis;342.4
2024-05-18 09:05:47;Tenis;0,00;74,1;;;;;;Apple;Babolat Fury 3;Tenis;333.4
2024-05-17 18:27:55;Tenis;0,00;32,1;;;;;;Apple;Babolat Fury 3;Tenis;144.5
2024-05-11 09:11:05;Tenis;0,00;82,5;;;;;;Apple;Babolat Fury 3;Tenis;374.5
2024-05-10 18:20:32;Tenis;0,00;42,2;;;;;;Apple;Babolat Fury 3;Tenis;189.9
2024-05-09 19:07:52;Tenis;0,00;111,6;;;;;;Apple;Babolat Fury 3;Tenis;516.9
2024-04-13 09:08:13;Tenis;0,00;35,4;;;;;;Apple;Babolat Fury 3;Tenis;159.3
2024-04-12 18:14:02;Tenis;0,00;60,1;;;;;;Apple;Babolat Fury 3;Tenis;272.7
2024-03-22 18:20:29;Tenis;0,00;61,5;;;;;;Apple;Babolat Fury 3;Tenis;276.8
2024-03-16 09:00:56;Tenis;0,00;60,2;;;;;;Apple;Babolat Fury 3;Tenis;270.9
2024-03-15 18:02:10;Tenis;0,00;75,1;;;;;;Apple;Babolat Fury 3;Tenis;337.9
2024-03-06 19:11:45;Carrera;0,00;52,5;;;;;;Apple;Brooks Adrenaline GTS 23;Entrenamiento;78.8
2024-03-02 09:39:24;Tenis;0,00;97,4;;;;;;Apple;Babolat Fury 3;Tenis;438.3
2024-02-25 18:13:50;Caminata;0,00;64,0;;;;;;Apple;Brooks Adrenaline GTS 23;Entrenamiento;64.0
2024-02-03 08:20:23;Tenis;0,00;97,5;;;;;;Apple;Babolat Fury 3;Tenis;438.8
2024-01-21 00:10:56;Tenis;0,00;1,2;;;;;;Apple;Babolat Fury 3;Tenis;5.4
2024-01-12 23:06:13;Tenis;0,00;7,3;;;;;;Apple;Babolat Fury 3;Tenis;32.9
2024-01-01 20:21:22;Tenis;0,00;113,3;;;;;;Apple;Babolat Fury 3;Tenis;509.8
2023-12-23 09:02:20;Tenis;0,00;74,7;;;;;;Apple;Babolat Fury 3;Tenis;336.2
2023-12-21 19:35:35;Caminata;0,00;54,5;;;;;;Apple;Brooks Adrenaline GTS 23;Entrenamiento;54.5
2023-12-19 18:48:33;Caminata;0,00;51,6;;;;;;Apple;Brooks Adrenaline GTS 23;Entrenamiento;51.6
2023-12-13 18:47:04;Caminata;0,00;60,0;;;;;;Apple;Brooks Adrenaline GTS 23;Entrenamiento;60.0
2023-12-12 19:36:11;Tenis;0,00;35,7;;;;;;Apple;Babolat Fury 3;Tenis;160.7
2023-12-08 20:12:49;Tenis;0,00;135,3;;;;;;Apple;Babolat Fury 3;Tenis;608.9
2023-12-02 11:00:00;Tenis;0,00;90,0;;;;;;Apple;Babolat Fury 3;Tenis;405.0
2023-12-02 09:24:51;Tenis;0,00;209,2;;;;;;Apple;Babolat Fury 3;Tenis;941.4
2023-12-02 09:00:00;Tenis;0,00;120,0;;;;;;Apple;Babolat Fury 3;Tenis;540.0
2023-11-30 19:33:10;Caminata;0,00;86,5;;;;;;Apple;Brooks Adrenaline GTS 23;Entrenamiento;86.5
2023-11-30 19:32:47;Caminata;0,00;61,7;;;;;;Apple;Brooks Adrenaline GTS 23;Entrenamiento;61.7
2023-11-29 19:18:01;Caminata;0,00;58,5;;;;;;Apple;Brooks Adrenaline GTS 23;Entrenamiento;58.5
2023-11-28 18:00:00;Tenis;0,00;60,0;;;;;;Apple;Babolat Fury 3;Tenis;270.0
2023-11-25 09:00:00;Tenis;0,00;60,0;;;;;;Apple;Babolat Fury 3;Tenis;270.0
2023-11-22 19:29:45;Caminata;0,00;31,7;;;;;;Apple;Brooks Adrenaline GTS 23;Entrenamiento;31.7
2023-11-22 19:28:47;Caminata;0,00;36,7;;;;;;Apple;Brooks Adrenaline GTS 23;Entrenamiento;36.7
2023-11-21 19:31:48;Caminata;0,00;34,7;;;;;;Apple;Brooks Adrenaline GTS 23;Entrenamiento;34.7
2023-11-21 19:31:23;Caminata;0,00;32,8;;;;;;Apple;Brooks Adrenaline GTS 23;Entrenamiento;32.8
2023-11-19 19:03:23;Caminata;0,00;59,4;;;;;;Apple;Brooks Adrenaline GTS 23;Entrenamiento;59.4
2023-11-18 09:26:32;Tenis;0,00;51,4;;;;;;Apple;Babolat Fury 3;Tenis;231.3
2023-11-18 09:00:00;Tenis;0,00;60,0;;;;;;Apple;Babolat Fury 3;Tenis;270.0
2023-11-12 09:00:00;Tenis;0,00;180,0;;;;;;Apple;Babolat Fury 3;Tenis;810.0
2023-11-11 09:00:00;Tenis;0,00;60,0;;;;;;Apple;Babolat Fury 3;Tenis;270.0
2023-11-05 19:30:12;Caminata;0,00;18,8;;;;;;Apple;Brooks Adrenaline GTS 23;Entrenamiento;18.8
2023-11-05 19:20:22;Caminata;0,00;27,9;;;;;;Apple;Brooks Adrenaline GTS 23;Entrenamiento;27.9
2023-11-05 16:13:35;Tenis;0,00;137,0;;;;;;Apple;Babolat Fury 3;Tenis;616.5
2023-11-05 16:00:00;Tenis;0,00;120,0;;;;;;Apple;Babolat Fury 3;Tenis;540.0
2023-11-04 18:25:35;Caminata;0,00;27,6;;;;;;Apple;Brooks Adrenaline GTS 23;Entrenamiento;27.6
2023-11-04 11:38:36;Other;0,00;129,4;;;;;;Apple;Brooks Adrenaline GTS 23;Entrenamiento;194.1
2023-11-04 09:00:00;Tenis;0,00;60,0;;;;;;Apple;Babolat Fury 3;Tenis;270.0
2023-10-29 17:29:58;Caminata;0,00;57,6;;;;;;Apple;Brooks Adrenaline GTS 23;Entrenamiento;57.6
2023-10-28 09:00:00;Tenis;0,00;60,0;;;;;;Apple;Babolat Fury 3;Tenis;270.0
2023-10-25 19:18:22;Caminata;0,00;48,8;;;;;;Apple;Brooks Adrenaline GTS 23;Entrenamiento;48.8
2023-10-22 12:30:00;Tenis;0,00;50,0;;;;;;Apple;Babolat Fury 3;Tenis;225.0
2023-10-22 12:26:48;Tenis;0,00;63,3;;;;;;Apple;Babolat Fury 3;Tenis;284.8
2023-10-21 09:17:34;Tenis;0,00;55,8;;;;;;Apple;Babolat Fury 3;Tenis;251.1
2023-10-21 09:00:00;Tenis;0,00;60,0;;;;;;Apple;Babolat Fury 3;Tenis;270.0
2023-10-20 18:54:01;Caminata;0,00;71,3;;;;;;Apple;Brooks Adrenaline GTS 23;Entrenamiento;71.3
2023-10-17 19:02:59;Caminata;0,00;62,6;;;;;;Apple;Brooks Adrenaline GTS 23;Entrenamiento;62.6
2023-10-15 18:18:13;Caminata;0,00;78,7;;;;;;Apple;Brooks Adrenaline GTS 23;Entrenamiento;78.7
2023-10-14 11:00:00;Tenis;0,00;60,0;;;;;;Apple;Babolat Fury 3;Tenis;273.2
2023-10-10 19:11:44;Caminata;0,00;63,9;;;;;;Apple;Brooks Adrenaline GTS 23;Entrenamiento;63.9
2023-10-08 17:00:00;Tenis;0,00;105,0;;;;;;Apple;Babolat Fury 3;Tenis;472.5
2023-10-07 20:00:20;Carrera;0,00;15,1;;;;;;Apple;Brooks Adrenaline GTS 23;Entrenamiento;22.6
2023-10-07 18:14:16;Caminata;0,00;66,0;;;;;;Apple;Brooks Adrenaline GTS 23;Entrenamiento;66.0
2023-10-01 16:10:27;Tenis;0,00;87,2;;;;;;Apple;Babolat Fury 3;Tenis;392.4
2023-10-01 16:00:00;Tenis;0,00;105,0;;;;;;Apple;Babolat Fury 3;Tenis;472.5
2023-09-30 11:12:57;Tenis;0,00;55,6;;;;;;Apple;Babolat Fury 3;Tenis;252.2
2023-09-30 11:00:00;Tenis;0,00;60,0;;;;;;Apple;Babolat Fury 3;Tenis;272.2
2023-09-29 18:27:24;Caminata;0,00;27,5;;;;;;Apple;Brooks Adrenaline GTS 23;Entrenamiento;27.5
2023-09-23 17:33:31;Caminata;0,00;70,0;;;;;;Apple;Brooks Adrenaline GTS 23;Entrenamiento;72.0
2023-09-23 11:07:21;Tenis;0,00;72,9;;;;;;Apple;Babolat Fury 3;Tenis;337.2
2023-09-23 11:00:00;Tenis;0,00;60,0;;;;;;Apple;Babolat Fury 3;Tenis;277.6
2023-09-21 14:24:12;Caminata;0,00;21,6;;;;;;Apple;Brooks Adrenaline GTS 23;Entrenamiento;21.6
2023-09-16 11:11:44;Tenis;0,00;82,8;;;;;;Apple;Babolat Fury 3;Tenis;372.6
2023-09-16 11:00:00;Tenis;0,00;60,0;;;;;;Apple;Babolat Fury 3;Tenis;270.0
2023-09-15 18:46:33;Caminata;0,00;37,7;;;;;;Apple;Brooks Adrenaline GTS 23;Entrenamiento;37.7
2023-09-10 13:00:00;Tenis;0,00;300,0;;;;;;Apple;Babolat Fury 3;Tenis;1350.0
2023-09-09 15:50:45;Caminata;0,00;45,6;;;;;;Apple;Brooks Adrenaline GTS 23;Entrenamiento;45.6
2023-09-09 11:08:40;Tenis;0,00;125,5;;;;;;Apple;Babolat Fury 3;Tenis;564.8
2023-09-09 11:00:00;Tenis;0,00;60,0;;;;;;Apple;Babolat Fury 3;Tenis;270.0
2023-09-08 18:51:34;Caminata;0,00;52,3;;;;;;Apple;Brooks Adrenaline GTS 23;Entrenamiento;52.3
2023-09-02 11:11:54;Tenis;0,00;288,3;;;;;;Apple;Babolat Fury 3;Tenis;1297.4
2023-09-02 11:00:00;Tenis;0,00;60,0;;;;;;Apple;Babolat Fury 3;Tenis;270.0
2023-08-31 18:49:22;Caminata;0,00;48,0;;;;;;Apple;Brooks Adrenaline GTS 23;Entrenamiento;48.0
2023-08-27 15:59:20;Other;0,00;73,3;;;;;;Apple;Brooks Adrenaline GTS 23;Entrenamiento;109.9
2023-08-26 11:00:00;Tenis;0,00;60,0;;;;;;Apple;Babolat Fury 3;Tenis;270.0
2023-08-20 10:30:00;Tenis;0,00;60,0;;;;;;Apple;Babolat Fury 3;Tenis;270.0
2023-08-19 11:00:00;Tenis;0,00;60,0;;;;;;Apple;Babolat Fury 3;Tenis;270.0
2023-08-17 18:59:52;Carrera;0,00;4,5;;;;;;Apple;Brooks Adrenaline GTS 23;Entrenamiento;6.8
2023-08-08 18:17:45;Tenis;0,00;56,3;;;;;;Apple;Babolat Fury 3;Tenis;253.3
2023-08-05 16:30:10;Caminata;0,00;50,1;;;;;;Apple;Brooks Adrenaline GTS 23;Entrenamiento;50.1
2023-08-05 11:00:00;Tenis;0,00;60,0;;;;;;Apple;Babolat Fury 3;Tenis;270.0
2023-07-29 11:00:00;Tenis;0,00;60,0;;;;;;Apple;Babolat Fury 3;Tenis;270.0
2023-07-26 07:28:28;Tenis;0,00;11,7;;;;;;Apple;Babolat Fury 3;Tenis;52.6
2023-07-26 06:40:15;Tenis;0,00;1,2;;;;;;Apple;Babolat Fury 3;Tenis;5.4
2023-07-23 18:00:00;Tenis;0,00;60,0;;;;;;Apple;Babolat Fury 3;Tenis;270.0
2023-07-22 11:00:00;Tenis;0,00;60,0;;;;;;Apple;Babolat Fury 3;Tenis;270.0
2023-07-18 11:00:00;Tenis;0,00;60,0;;;;;;Apple;Babolat Fury 3;Tenis;270.0
2023-07-15 12:00:00;Tenis;0,00;60,0;;;;;;Apple;Babolat Fury 3;Tenis;270.0
2023-07-15 11:15:36;Tenis;0,00;120,1;;;;;;Apple;Babolat Fury 3;Tenis;540.4
2023-07-15 11:00:00;Tenis;0,00;60,0;;;;;;Apple;Babolat Fury 3;Tenis;270.0
2023-07-08 11:00:00;Tenis;0,00;60,0;;;;;;Apple;Babolat Fury 3;Tenis;270.0
2023-07-01 11:00:00;Tenis;0,00;60,0;;;;;;Apple;Babolat Fury 3;Tenis;270.0
2023-06-24 11:00:00;Tenis;0,00;60,0;;;;;;Apple;Babolat Fury 3;Tenis;270.0
2023-06-17 11:56:06;Tenis;0,00;22,4;;;;;;Apple;Babolat Fury 3;Tenis;100.8
2023-06-17 11:00:00;Tenis;0,00;60,0;;;;;;Apple;Babolat Fury 3;Tenis;270.0
2023-04-16 15:39:28;Caminata;0,00;6,5;;;;;;Apple;Brooks Adrenaline GTS 23;Entrenamiento;6.5
2023-03-24 18:21:40;Carrera;0,00;43,3;;;;;;Apple;Brooks Adrenaline GTS 23;Entrenamiento;67.5
2023-03-08 18:38:40;Caminata;0,00;51,1;;;;;;Apple;Brooks Adrenaline GTS 23;Entrenamiento;58.3
2023-02-18 10:07:59;Caminata;0,00;110,2;;;;;;Apple;Brooks Adrenaline GTS 23;Entrenamiento;110.2
2023-02-07 19:49:44;Caminata;0,00;38,9;;;;;;Apple;Brooks Adrenaline GTS 23;Entrenamiento;38.9
2023-02-05 19:44:25;Caminata;0,00;32,5;;;;;;Apple;Brooks Adrenaline GTS 23;Entrenamiento;32.5
2023-02-04 20:17:46;Caminata;0,00;50,0;;;;;;Apple;Brooks Adrenaline GTS 23;Entrenamiento;50.0
2023-02-03 18:32:58;Caminata;0,00;57,9;;;;;;Apple;Brooks Adrenaline GTS 23;Entrenamiento;66.0
2023-01-27 20:04:59;Caminata;0,00;61,8;;;;;;Apple;Brooks Adrenaline GTS 23;Entrenamiento;61.8
2023-01-24 20:17:59;Caminata;0,00;17,7;;;;;;Apple;Brooks Adrenaline GTS 23;Entrenamiento;17.7
2023-01-24 19:55:03;Caminata;0,00;62,1;;;;;;Apple;Brooks Adrenaline GTS 23;Entrenamiento;62.1
2023-01-22 19:53:53;Caminata;0,00;46,0;;;;;;Apple;Brooks Adrenaline GTS 23;Entrenamiento;46.0
2023-01-21 19:56:22;Caminata;0,00;57,1;;;;;;Apple;Brooks Adrenaline GTS 23;Entrenamiento;57.1
2023-01-14 20:04:49;Caminata;0,00;47,2;;;;;;Apple;Brooks Adrenaline GTS 23;Entrenamiento;47.2
2023-01-13 17:35:46;Caminata;0,00;39,8;;;;;;Apple;Brooks Adrenaline GTS 23;Entrenamiento;39.8
2023-01-13 14:05:17;Caminata;0,00;30,1;;;;;;Apple;Brooks Adrenaline GTS 23;Entrenamiento;30.1
2023-01-12 18:12:19;Caminata;0,00;78,7;;;;;;Apple;Brooks Adrenaline GTS 23;Entrenamiento;78.7
2023-01-12 18:11:41;Caminata;0,00;56,3;;;;;;Apple;Brooks Adrenaline GTS 23;Entrenamiento;56.3
2023-01-08 19:48:17;Caminata;0,00;43,0;;;;;;Apple;Brooks Adrenaline GTS 23;Entrenamiento;43.0
2023-01-08 19:47:14;Caminata;0,00;42,3;;;;;;Apple;Brooks Adrenaline GTS 23;Entrenamiento;42.3
2023-01-07 18:46:29;Caminata;0,00;69,9;;;;;;Apple;Brooks Adrenaline GTS 23;Entrenamiento;69.9
2023-01-02 19:47:21;Caminata;0,00;58,2;;;;;;Apple;Brooks Adrenaline GTS 23;Entrenamiento;58.2
2022-12-29 18:12:27;Caminata;0,00;19,8;;;;;;Apple;Brooks Adrenaline GTS 23;Entrenamiento;19.8
2022-12-29 17:32:17;Caminata;0,00;21,4;;;;;;Apple;Brooks Adrenaline GTS 23;Entrenamiento;21.4
2022-12-29 17:31:14;Caminata;0,00;39,4;;;;;;Apple;Brooks Adrenaline GTS 23;Entrenamiento;39.4
2022-12-28 19:05:18;Caminata;0,00;32,3;;;;;;Apple;Brooks Adrenaline GTS 23;Entrenamiento;32.3
2022-12-25 18:55:22;Caminata;0,00;62,4;;;;;;Apple;Brooks Adrenaline GTS 23;Entrenamiento;62.4
2022-12-17 21:47:21;Other;0,00;41,6;;;;;;Apple;Brooks Adrenaline GTS 23;Entrenamiento;62.4
2022-12-16 19:25:15;Caminata;0,00;39,1;;;;;;Apple;Brooks Adrenaline GTS 23;Entrenamiento;39.1
2022-12-15 19:28:01;Caminata;0,00;82,9;;;;;;Apple;Brooks Adrenaline GTS 23;Entrenamiento;82.9
2022-12-14 19:26:45;Caminata;0,00;56,3;;;;;;Apple;Brooks Adrenaline GTS 23;Entrenamiento;56.3
2022-12-13 20:53:55;Caminata;0,00;1,6;;;;;;Apple;Brooks Adrenaline GTS 23;Entrenamiento;2.0
2022-12-13 18:27:26;Caminata;0,00;60,3;;;;;;Apple;Brooks Adrenaline GTS 23;Entrenamiento;74.8
2022-12-06 17:11:50;Caminata;0,00;2,1;;;;;;Apple;Brooks Adrenaline GTS 23;Entrenamiento;2.1
2022-12-06 01:57:05;Caminata;0,00;7,7;;;;;;Apple;Brooks Adrenaline GTS 23;Entrenamiento;7.7
2022-12-05 21:30:48;Caminata;0,00;1,9;;;;;;Apple;Brooks Adrenaline GTS 23;Entrenamiento;1.9
2022-12-02 19:03:02;Caminata;0,00;53,3;;;;;;Apple;Brooks Adrenaline GTS 23;Entrenamiento;53.3
2022-11-30 19:33:57;Caminata;0,00;48,7;;;;;;Apple;Brooks Adrenaline GTS 23;Entrenamiento;48.7
2022-11-29 18:37:44;Caminata;0,00;28,3;;;;;;Apple;Brooks Adrenaline GTS 23;Entrenamiento;28.3
2022-11-27 18:38:55;Caminata;0,00;51,5;;;;;;Apple;Brooks Adrenaline GTS 23;Entrenamiento;51.5
2022-11-25 19:41:36;Caminata;0,00;37,8;;;;;;Apple;Brooks Adrenaline GTS 23;Entrenamiento;37.8
2022-11-22 19:11:28;Caminata;0,00;50,5;;;;;;Apple;Brooks Adrenaline GTS 23;Entrenamiento;50.5
2022-11-16 19:48:41;Caminata;0,00;46,3;;;;;;Apple;Brooks Adrenaline GTS 23;Entrenamiento;46.3
2022-11-15 18:32:11;Caminata;0,00;59,1;;;;;;Apple;Brooks Adrenaline GTS 23;Entrenamiento;59.1
2022-11-06 17:25:12;Caminata;0,00;50,2;;;;;;Apple;Brooks Adrenaline GTS 23;Entrenamiento;50.2
2022-11-03 19:07:25;Caminata;0,00;30,1;;;;;;Apple;Brooks Adrenaline GTS 23;Entrenamiento;30.1
2022-11-02 14:05:00;Caminata;0,00;28,6;;;;;;Apple;Brooks Adrenaline GTS 23;Entrenamiento;28.6
2022-10-29 18:12:06;Caminata;0,00;29,0;;;;;;Apple;Brooks Adrenaline GTS 23;Entrenamiento;29.0
2022-10-27 18:26:50;Caminata;0,00;39,7;;;;;;Apple;Brooks Adrenaline GTS 23;Entrenamiento;39.7
2022-10-23 17:18:03;Caminata;0,00;52,3;;;;;;Apple;Brooks Adrenaline GTS 23;Entrenamiento;52.3
2022-10-20 18:24:12;Caminata;0,00;49,8;;;;;;Apple;Brooks Adrenaline GTS 23;Entrenamiento;49.8
2022-10-19 19:15:19;Caminata;0,00;30,7;;;;;;Apple;Brooks Adrenaline GTS 23;Entrenamiento;30.7
2022-10-10 08:57:19;Caminata;0,00;66,3;;;;;;Apple;Brooks Adrenaline GTS 23;Entrenamiento;66.3
2022-10-07 17:45:48;Caminata;0,00;40,8;;;;;;Apple;Brooks Adrenaline GTS 23;Entrenamiento;40.8
2022-10-04 18:21:15;Caminata;0,00;35,1;;;;;;Apple;Brooks Adrenaline GTS 23;Entrenamiento;35.1
2022-10-02 16:40:27;Caminata;0,00;36,8;;;;;;Apple;Brooks Adrenaline GTS 23;Entrenamiento;36.8
2022-09-28 18:49:24;Caminata;0,00;37,4;;;;;;Apple;Brooks Adrenaline GTS 23;Entrenamiento;37.4
2022-09-25 18:00:05;Carrera;0,00;51,4;;;;;;Apple;Brooks Adrenaline GTS 23;Entrenamiento;77.1
2022-09-21 17:00:30;Carrera;0,00;61,0;;;;;;Apple;Brooks Adrenaline GTS 23;Entrenamiento;91.5
2022-09-17 14:48:24;Carrera;0,00;43,2;;;;;;Apple;Brooks Adrenaline GTS 23;Entrenamiento;64.8
2022-09-15 14:48:57;Carrera;0,00;30,6;;;;;;Apple;Brooks Adrenaline GTS 23;Entrenamiento;45.9
2022-09-11 17:10:58;Carrera;0,00;43,2;;;;;;Apple;Brooks Adrenaline GTS 23;Entrenamiento;64.8
2022-09-10 16:38:31;Carrera;0,00;75,9;;;;;;Apple;Brooks Adrenaline GTS 23;Entrenamiento;113.9
2022-09-07 19:13:34;Carrera;0,00;39,7;;;;;;Apple;Brooks Adrenaline GTS 23;Entrenamiento;59.6
2022-09-06 18:23:56;Carrera;0,00;47,5;;;;;;Apple;Brooks Adrenaline GTS 23;Entrenamiento;71.2
2022-09-04 17:53:12;Carrera;0,00;59,3;;;;;;Apple;Brooks Adrenaline GTS 23;Entrenamiento;88.9
2022-09-03 15:46:45;Carrera;0,00;42,5;;;;;;Apple;Brooks Adrenaline GTS 23;Entrenamiento;63.8
2022-02-19 18:29:40;Carrera;0,00;3,6;;;;;;Apple;Brooks Adrenaline GTS 23;Entrenamiento;5.4
2022-02-19 17:53:19;Caminata;0,00;33,3;;;;;;Apple;Brooks Adrenaline GTS 23;Entrenamiento;33.3
2022-02-18 19:21:04;Caminata;0,00;49,7;;;;;;Apple;Brooks Adrenaline GTS 23;Entrenamiento;49.7
2022-02-14 19:23:53;Caminata;0,00;24,1;;;;;;Apple;Brooks Adrenaline GTS 23;Entrenamiento;24.1
2022-02-14 19:22:04;Carrera;0,00;1,3;;;;;;Apple;Brooks Adrenaline GTS 23;Entrenamiento;2.0
2022-02-14 18:55:58;Caminata;0,00;24,4;;;;;;Apple;Brooks Adrenaline GTS 23;Entrenamiento;24.4
2022-02-09 19:03:33;Caminata;0,00;39,7;;;;;;Apple;Brooks Adrenaline GTS 23;Entrenamiento;39.7
2022-02-07 19:11:25;Caminata;0,00;50,4;;;;;;Apple;Brooks Adrenaline GTS 23;Entrenamiento;50.4
2022-02-01 20:02:59;Caminata;0,00;35,2;;;;;;Apple;Brooks Adrenaline GTS 23;Entrenamiento;35.2
2022-01-31 18:11:55;Caminata;0,00;49,2;;;;;;Apple;Brooks Adrenaline GTS 23;Entrenamiento;49.2
2022-01-27 19:25:06;Caminata;0,00;53,1;;;;;;Apple;Brooks Adrenaline GTS 23;Entrenamiento;53.1
2022-01-26 18:41:16;Caminata;0,00;42,3;;;;;;Apple;Brooks Adrenaline GTS 23;Entrenamiento;42.3
2022-01-24 19:59:12;Caminata;0,00;40,6;;;;;;Apple;Brooks Adrenaline GTS 23;Entrenamiento;40.6
2021-12-28 19:03:10;Caminata;0,00;59,9;;;;;;Apple;Brooks Adrenaline GTS 23;Entrenamiento;59.9
2021-12-23 18:52:37;Caminata;0,00;54,6;;;;;;Apple;Brooks Adrenaline GTS 23;Entrenamiento;54.6
2021-12-10 19:57:06;Caminata;0,00;29,4;;;;;;Apple;Brooks Adrenaline GTS 23;Entrenamiento;29.4
2021-12-08 18:44:07;Caminata;0,00;44,7;;;;;;Apple;Brooks Adrenaline GTS 23;Entrenamiento;44.7
2021-12-06 19:03:40;Caminata;0,00;48,0;;;;;;Apple;Brooks Adrenaline GTS 23;Entrenamiento;48.0
2021-12-04 17:32:00;Caminata;0,00;56,5;;;;;;Apple;Brooks Adrenaline GTS 23;Entrenamiento;56.5
2021-12-02 18:30:26;Caminata;0,00;37,0;;;;;;Apple;Brooks Adrenaline GTS 23;Entrenamiento;37.0
2021-12-01 18:58:46;Caminata;0,00;34,4;;;;;;Apple;Brooks Adrenaline GTS 23;Entrenamiento;34.4
2021-11-30 18:37:21;Caminata;0,00;47,8;;;;;;Apple;Brooks Adrenaline GTS 23;Entrenamiento;47.8
2021-11-26 18:45:46;Caminata;0,00;39,0;;;;;;Apple;Brooks Adrenaline GTS 23;Entrenamiento;39.0
2021-11-19 19:51:29;Caminata;0,00;30,0;;;;;;Apple;Brooks Adrenaline GTS 23;Entrenamiento;30.0
2021-11-17 19:39:55;Caminata;0,00;19,0;;;;;;Apple;Brooks Adrenaline GTS 23;Entrenamiento;19.0
2021-11-14 17:28:18;Caminata;0,00;45,4;;;;;;Apple;Brooks Adrenaline GTS 23;Entrenamiento;45.4
2021-11-12 19:47:21;Caminata;0,00;28,6;;;;;;Apple;Brooks Adrenaline GTS 23;Entrenamiento;28.6
2021-11-11 18:36:49;Caminata;0,00;42,8;;;;;;Apple;Brooks Adrenaline GTS 23;Entrenamiento;42.8
2021-11-10 18:52:06;Caminata;0,00;41,1;;;;;;Apple;Brooks Adrenaline GTS 23;Entrenamiento;41.1
2021-11-08 19:19:00;Caminata;0,00;14,2;;;;;;Apple;Brooks Adrenaline GTS 23;Entrenamiento;14.2
2021-11-07 17:49:58;Caminata;0,00;30,4;;;;;;Apple;Brooks Adrenaline GTS 23;Entrenamiento;30.4
2021-10-14 18:14:08;Caminata;0,00;37,6;;;;;;Apple;Brooks Adrenaline GTS 23;Entrenamiento;37.6
2021-10-05 20:00:15;Caminata;0,00;31,7;;;;;;Apple;Brooks Adrenaline GTS 23;Entrenamiento;31.7
2021-10-04 20:57:55;Caminata;0,00;32,2;;;;;;Apple;Brooks Adrenaline GTS 23;Entrenamiento;32.2
