﻿Fecha;Nombre ;Distancia;Tiempo;Ritmo;Tipo;ZAPATOS
2024-08-18;Race Animas;6.89;01:03:29;00:09:12.830000;TRAIL;New Balance Garoé
2024-10-06;Desafio Caranchos;7.4;01:07:49;00:09:09.865000;TRAIL;New Balance Garoé
2024-11-10;Desafio Pittamiglio;8.66;01:10:10;00:08:06.143000;TRAIL;New Balance Garoé
2024-12-08;Arequita Trail;14.33;02:20:03;00:09:46.392000;TRAIL;New Balance Garoé
2025-01-25;Pittamiglio Nocturno 2025;12.77;01:43:22;00:08:05.670000;TRAIL;New Balance Garoé
2025-02-15;Arbolito Nocturno 2025;17.4;03:31:52;00:12:10.575000;TRAIL;Hoka Speedgoat 6
2025-04-06;Aquatrail 2025;4.41;00:40:57;00:09:17.143000;TRAIL;Hoka Speedgoat 6
2025-06-08;Invictus Race;7.31;01:15:39;00:10:20.930000;TRAIL;Hoka Speedgoat 6
2025-07-27;Volcano Trail;9.19;01:30:08;00:09:48.466000;TRAIL;Hoka Speedgoat 6
