Fecha;Tipo;Nombre;Distancia (km);Duracion (min)
27/12/2025;Cycling;Runkeeper: Cycling;;145,0
18/12/2025;Cycling;Runkeeper: Cycling;;164,0
10/11/2025;Tennis;Runkeeper: Tennis;;307,0
09/11/2025;Tennis;Runkeeper: Tennis;;527,0
08/11/2025;Tennis;Runkeeper: Tennis;;573,0
02/11/2025;Tennis;Runkeeper: Tennis;;677,0
01/11/2025;Tennis;Runkeeper: Tennis;;393,0
26/10/2025;Tennis;Runkeeper: Tennis;;471,0
25/10/2025;Running;Runkeeper: Running;;346,0
22/10/2025;Running;Runkeeper: Running;;82,0
20/10/2025;Running;Runkeeper: Running;;122,0
20/10/2025;Running;Runkeeper: Running;;173,0
18/10/2025;Tennis;Runkeeper: Tennis;;587,0
18/10/2025;Tennis;Runkeeper: Tennis;;389,0
15/10/2025;Running;Runkeeper: Running;;223,0
15/10/2025;Running;Runkeeper: Running;;187,0
13/10/2025;Running;Runkeeper: Running;;40,0
11/10/2025;Tennis;Runkeeper: Tennis;;202,0
11/10/2025;Tennis;Runkeeper: Tennis;;619,0
08/10/2025;Running;Runkeeper: Running;;80,0
08/10/2025;Running;Runkeeper: Running;;119,0
06/10/2025;Running;Runkeeper: Running;;356,0
06/10/2025;Running;Runkeeper: Running;;120,0
04/10/2025;Tennis;Runkeeper: Tennis;;448,0
04/10/2025;Tennis;Runkeeper: Tennis;;447,0
01/10/2025;Running;Runkeeper: Running;;149,0
01/10/2025;Running;Runkeeper: Running;;141,0
29/09/2025;Running;Runkeeper: Running;;340,0
27/09/2025;Tennis;Runkeeper: Tennis;;226,0
26/09/2025;Running;Runkeeper: Running;;432,0
24/09/2025;Running;Runkeeper: Running;;267,0
13/09/2025;Tennis;Runkeeper: Tennis;;254,0
06/09/2025;Tennis;Runkeeper: Tennis;;378,0
30/08/2025;Tennis;Runkeeper: Tennis;;501,0
27/07/2025;Running;Runkeeper: Running;;679,0
27/07/2025;Running;Runkeeper: Running;;32,0
23/07/2025;Running;Runkeeper: Running;;314,0
08/06/2025;Running;Runkeeper: Running;;564,0
31/05/2025;Tennis;Runkeeper: Tennis;;617,0
31/05/2025;Tennis;Runkeeper: Tennis;;336,0
26/05/2025;Running;Runkeeper: Running;;294,0
26/05/2025;Running;Runkeeper: Running;;120,0
07/05/2025;Running;Runkeeper: Running;;311,0
03/05/2025;Strength Training;Runkeeper: Strength Training;;362,0
03/05/2025;Tennis;Runkeeper: Tennis;;479,0
30/04/2025;Running;Runkeeper: Running;;527,0
28/04/2025;Running;Runkeeper: Running;;112,0
28/04/2025;Running;Runkeeper: Running;;149,0
23/04/2025;Running;Runkeeper: Running;;328,0
22/04/2025;Strength Training;Runkeeper: Strength Training;;225,0
20/04/2025;Tennis;Runkeeper: Tennis;;609,0
19/04/2025;Tennis;Runkeeper: Tennis;;254,0
17/04/2025;Hiking;Runkeeper: Hiking;;112,0
12/04/2025;Tennis;Runkeeper: Tennis;;314,0
10/04/2025;Strength Training;Runkeeper: Strength Training;;209,0
09/04/2025;Running;Runkeeper: Running;;361,0
06/04/2025;Running;Runkeeper: Running;;336,0
05/04/2025;Tennis;Runkeeper: Tennis;;635,0
02/04/2025;Running;Runkeeper: Running;;348,0
02/04/2025;Running;Runkeeper: Running;;118,0
01/04/2025;Strength Training;Runkeeper: Strength Training;;177,0
30/03/2025;Running;Runkeeper: Running;;336,0
29/03/2025;Tennis;Runkeeper: Tennis;;374,0
28/03/2025;Running;Runkeeper: Running;;148,0
28/03/2025;Running;Runkeeper: Running;;146,0
24/06/2024;Running;Runkeeper: Running;;399,8
21/06/2024;Running;Runkeeper: Running;;388,6
15/06/2024;Sports;Runkeeper: Sports;;595,9
12/06/2024;Running;Runkeeper: Running;;280,9
10/06/2024;Running;Runkeeper: Running;;340,0
08/06/2024;Sports;Runkeeper: Sports;;831,6
31/05/2024;Sports;Runkeeper: Sports;;530,4
29/05/2024;Sports;Runkeeper: Sports;;720,3
25/05/2024;Sports;Runkeeper: Sports;;870,9
24/05/2024;Sports;Runkeeper: Sports;;497,6
18/05/2024;Sports;Runkeeper: Sports;;484,5
17/05/2024;Sports;Runkeeper: Sports;;210,1
06/03/2024;Running;Runkeeper: Running;;236,0
21/12/2023;Walking;Runkeeper: Walking;;188,0
19/12/2023;Walking;Runkeeper: Walking;;222,0
13/12/2023;Walking;Runkeeper: Walking;;293,0
30/11/2023;Walking;Runkeeper: Walking;;350,0
29/11/2023;Walking;Runkeeper: Walking;;319,0
22/11/2023;Walking;Runkeeper: Walking;;149,0
21/11/2023;Walking;Runkeeper: Walking;;176,0
19/11/2023;Walking;Runkeeper: Walking;;296,0
05/11/2023;Walking;Runkeeper: Walking;;146,0
04/11/2023;Walking;Runkeeper: Walking;;94,0
29/10/2023;Walking;Runkeeper: Walking;;247,0
25/10/2023;Walking;Runkeeper: Walking;;277,0
20/10/2023;Walking;Runkeeper: Walking;;359,0
17/10/2023;Walking;Runkeeper: Walking;;322,0
10/10/2023;Walking;Runkeeper: Walking;;317,0
07/10/2023;Walking;Runkeeper: Walking;;301,0
29/09/2023;Walking;Runkeeper: Walking;;151,0
23/09/2023;Walking;Runkeeper: Walking;;350,0
21/09/2023;Walking;Runkeeper: Walking;;126,0
15/09/2023;Walking;Runkeeper: Walking;;200,0
09/09/2023;Walking;Runkeeper: Walking;;214,0
08/09/2023;Walking;Runkeeper: Walking;;266,0
31/08/2023;Walking;Runkeeper: Walking;;261,0
27/08/2023;Other;Runkeeper: Other;;579,1
05/08/2023;Walking;Runkeeper: Walking;;191,0
16/04/2023;Walking;Runkeeper: Walking;;19,0
24/03/2023;Running;Runkeeper: Running;;182,8
08/03/2023;Walking;Runkeeper: Walking;;261,1
18/02/2023;Walking;Runkeeper: Walking;;251,8
07/02/2023;Walking;Runkeeper: Walking;;153,0
05/02/2023;Walking;Runkeeper: Walking;;141,0
04/02/2023;Walking;Runkeeper: Walking;;285,0
03/02/2023;Walking;Runkeeper: Walking;;303,0
27/01/2023;Walking;Runkeeper: Walking;;279,0
24/01/2023;Walking;Runkeeper: Walking;;156,0
22/01/2023;Walking;Runkeeper: Walking;;215,0
21/01/2023;Walking;Runkeeper: Walking;;330,0
14/01/2023;Walking;Runkeeper: Walking;;226,0
13/01/2023;Walking;Runkeeper: Walking;;178,0
12/01/2023;Walking;Runkeeper: Walking;;298,0
08/01/2023;Walking;Runkeeper: Walking;;236,0
07/01/2023;Walking;Runkeeper: Walking;;372,0
02/01/2023;Walking;Runkeeper: Walking;;367,0
29/12/2022;Walking;Runkeeper: Walking;;170,0
28/12/2022;Walking;Runkeeper: Walking;;141,0
25/12/2022;Walking;Runkeeper: Walking;;323,0
16/12/2022;Walking;Runkeeper: Walking;;174,0
15/12/2022;Walking;Runkeeper: Walking;;269,7
14/12/2022;Walking;Runkeeper: Walking;;301,0
02/12/2022;Walking;Runkeeper: Walking;;298,0
30/11/2022;Walking;Runkeeper: Walking;;292,0
29/11/2022;Walking;Runkeeper: Walking;;155,0
27/11/2022;Walking;Runkeeper: Walking;;307,0
25/11/2022;Walking;Runkeeper: Walking;;181,0
22/11/2022;Walking;Runkeeper: Walking;;281,0
16/11/2022;Walking;Runkeeper: Walking;;252,0
15/11/2022;Walking;Runkeeper: Walking;;329,0
06/11/2022;Walking;Runkeeper: Walking;;277,0
03/11/2022;Walking;Runkeeper: Walking;;156,0
02/11/2022;Walking;Runkeeper: Walking;;155,0
29/10/2022;Walking;Runkeeper: Walking;;211,0
27/10/2022;Walking;Runkeeper: Walking;;213,0
23/10/2022;Walking;Runkeeper: Walking;;281,0
20/10/2022;Walking;Runkeeper: Walking;;274,0
19/10/2022;Walking;Runkeeper: Walking;;80,0
10/10/2022;Walking;Runkeeper: Walking;;173,0
07/10/2022;Walking;Runkeeper: Walking;;101,0
04/10/2022;Walking;Runkeeper: Walking;;77,0
02/10/2022;Walking;Runkeeper: Walking;;102,0
28/09/2022;Walking;Runkeeper: Walking;;89,0
25/09/2022;Running;Runkeeper: Running;;121,0
21/09/2022;Running;Runkeeper: Running;;152,0
17/09/2022;Running;Runkeeper: Running;;92,0
15/09/2022;Running;Runkeeper: Running;;116,0
11/09/2022;Running;Runkeeper: Running;;217,0
10/09/2022;Running;Runkeeper: Running;;406,0
07/09/2022;Running;Runkeeper: Running;;207,0
06/09/2022;Running;Runkeeper: Running;;207,0
04/09/2022;Running;Runkeeper: Running;;330,0
03/09/2022;Running;Runkeeper: Running;;216,0
19/02/2022;Running;Runkeeper: Running;;51,0
19/02/2022;Walking;Runkeeper: Walking;;169,0
18/02/2022;Walking;Runkeeper: Walking;;303,0
14/02/2022;Walking;Runkeeper: Walking;;103,0
14/02/2022;Running;Runkeeper: Running;;25,0
14/02/2022;Walking;Runkeeper: Walking;;108,0
09/02/2022;Walking;Runkeeper: Walking;;228,0
07/02/2022;Walking;Runkeeper: Walking;;319,0
01/02/2022;Walking;Runkeeper: Walking;;217,0
31/01/2022;Walking;Runkeeper: Walking;;198,0
27/01/2022;Walking;Runkeeper: Walking;;276,0
26/01/2022;Walking;Runkeeper: Walking;;201,0
24/01/2022;Walking;Runkeeper: Walking;;245,0
28/12/2021;Walking;Runkeeper: Walking;;138,0
23/12/2021;Walking;Runkeeper: Walking;;136,0
10/12/2021;Walking;Runkeeper: Walking;;60,0
08/12/2021;Walking;Runkeeper: Walking;;234,0
06/12/2021;Walking;Runkeeper: Walking;;201,0
04/12/2021;Walking;Runkeeper: Walking;;232,0
02/12/2021;Walking;Runkeeper: Walking;;226,0
01/12/2021;Walking;Runkeeper: Walking;;243,0
30/11/2021;Walking;Runkeeper: Walking;;253,0
26/11/2021;Walking;Runkeeper: Walking;;240,0
19/11/2021;Walking;Runkeeper: Walking;;159,0
17/11/2021;Walking;Runkeeper: Walking;;106,0
14/11/2021;Walking;Runkeeper: Walking;;203,0
12/11/2021;Walking;Runkeeper: Walking;;134,0
11/11/2021;Walking;Runkeeper: Walking;;204,0
10/11/2021;Walking;Runkeeper: Walking;;180,0
08/11/2021;Walking;Runkeeper: Walking;;79,0
07/11/2021;Walking;Runkeeper: Walking;;128,0
14/10/2021;Walking;Runkeeper: Walking;;190,0
05/10/2021;Walking;Runkeeper: Walking;;165,0
04/10/2021;Walking;Runkeeper: Walking;;195,0
03/10/2021;Walking;Runkeeper: Walking;;167,0
