Fecha;Peso;Grasa_Pct;Masa_Muscular_Kg;Fuente
2025-12-29;80,15;;;Withings Cloud
2025-12-27;80,33;;;Withings Cloud
2025-12-25;79,69;;;Withings Cloud
2025-12-24;80,16;;;Withings Cloud
2025-12-23;79,87;;;Withings Cloud
2025-12-22;80,42;;;Withings Cloud
2025-12-21;79,38;;;Withings Cloud
2025-12-20;77,82;;;Withings Cloud
2025-12-19;79,06;;;Withings Cloud
2025-12-17;78,42;;;Withings Cloud
2025-12-16;79,63;;;Withings Cloud
2025-12-15;79,84;;;Withings Cloud
2025-12-14;81,46;;;Withings Cloud
2025-12-11;79,51;;;Withings Cloud
2025-12-09;78,78;;;Withings Cloud
2025-12-08;79,65;;;Withings Cloud
2025-11-30;79,05;;;Withings Cloud
2025-11-28;78,99;;;Withings Cloud
2025-11-26;78,95;;;Withings Cloud
2025-11-25;79,29;;;Withings Cloud
2025-11-23;79,11;;;Withings Cloud
2025-11-17;77,72;;;Withings Cloud
2025-11-14;76,72;;;Withings Cloud
2025-11-10;77,48;;;Withings Cloud
2025-11-08;76,71;;;Withings Cloud
2025-11-05;76,58;;;Withings Cloud
2025-11-04;77,31;;;Withings Cloud
2025-11-02;76,63;;;Withings Cloud
2025-11-01;77,41;;;Withings Cloud
2025-10-28;78,88;;;Withings Cloud
2025-10-26;78,69;;;Withings Cloud
2025-10-24;79,28;;;Withings Cloud
2025-10-22;78,87;;;Withings Cloud
2025-10-21;79,11;;;Withings Cloud
2025-10-18;77,91;;;Withings Cloud
2025-10-11;77,58;;;Withings Cloud
2025-10-10;78,09;;;Withings Cloud
2025-10-09;78,03;;;Withings Cloud
2025-10-08;78,24;;;Withings Cloud
2025-10-07;79,24;;;Withings Cloud
2025-10-06;79,28;;;Withings Cloud
2025-10-04;77,06;;;Withings Cloud
2025-10-03;77,17;;;Withings Cloud
2025-10-01;78,30;;;Withings Cloud
2025-09-30;78,66;;;Withings Cloud
2025-09-28;79,76;;;Withings Cloud
2025-09-25;76,76;;;Withings Cloud
2025-09-24;76,76;;;Withings Cloud
2025-09-23;77,18;;;Withings Cloud
2025-09-22;77,70;;;Withings Cloud
2025-09-19;77,89;;;Withings Cloud
2025-09-18;78,53;;;Withings Cloud
2025-09-17;78,22;;;Withings Cloud
2025-09-14;78,63;;;Withings Cloud
2025-09-11;78,23;;;Withings Cloud
2025-09-08;79,52;;;Withings Cloud
2025-09-07;79,53;;;Withings Cloud
2025-09-06;78,90;;;Withings Cloud
2025-09-04;78,40;;;Withings Cloud
2025-09-03;79,47;;;Withings Cloud
2025-09-02;80,07;;;Withings Cloud
2025-09-01;80,44;;;Withings Cloud
2025-08-30;78,85;;;Withings Cloud
2025-08-29;79,16;;;Withings Cloud
2025-08-28;79,02;;;Withings Cloud
2025-08-27;79,66;;;Withings Cloud
2025-08-26;80,73;;;Withings Cloud
2025-08-24;79,92;;;Withings Cloud
2025-08-22;76,83;;;Withings Cloud
2025-08-20;77,87;;;Withings Cloud
2025-08-16;77,85;;;Withings Cloud
2025-08-13;77,21;;;Withings Cloud
2025-08-10;77,88;;;Withings Cloud
2025-08-09;76,76;;;Withings Cloud
2025-08-05;77,99;;;Withings Cloud
2025-08-03;78,33;;;Withings Cloud
2025-07-29;77,66;;;Withings Cloud
2025-07-27;75,62;;;Withings Cloud
2025-07-26;76,60;;;Withings Cloud
2025-07-22;79,61;;;Withings Cloud
2025-07-19;77,89;;;Withings Cloud
2025-07-18;76,20;;;Withings Cloud
2025-07-17;76,56;;;Withings Cloud
2025-07-15;78,90;;;Withings Cloud
2025-07-05;75,97;;;Withings Cloud
2025-06-26;75,26;;;Withings Cloud
2025-06-16;74,99;20,23;56,82;Withings Cloud
2025-06-14;73,55;22,07;54,43;Withings Cloud
2025-06-10;74,33;;;Withings Cloud
2025-06-09;73,11;21,48;54,51;Withings Cloud
2025-06-08;72,28;19,49;55,26;Withings Cloud
2025-06-04;74,53;;;Withings Cloud
2025-06-01;73,77;20,67;55,57;Withings Cloud
2025-05-31;73,03;18,68;56,41;Withings Cloud
2025-05-30;74,54;;;Withings Cloud
2025-05-28;74,98;22,11;55,46;Withings Cloud
2025-05-26;75,27;19,53;57,54;Withings Cloud
2025-05-22;73,34;21,41;54,74;Withings Cloud
2025-05-21;74,20;;;Withings Cloud
2025-05-20;73,01;29,07;49,04;Withings Cloud
2025-05-19;74,80;21,71;55,61;Withings Cloud
2025-05-18;75,43;;;Withings Cloud
2025-05-17;75,93;22,21;56,10;Withings Cloud
2025-05-16;75,87;;;Withings Cloud
2025-05-15;76,14;33,79;47,66;Withings Cloud
2025-05-14;75,54;;;Withings Cloud
2025-05-13;76,39;;;Withings Cloud
2025-05-11;77,99;22,22;57,62;Withings Cloud
2025-05-08;77,30;;;Apple
2025-05-07;76,97;21,53;57,37;Withings Cloud
2025-05-06;78,64;;;Withings Cloud
2025-05-03;77,45;;;Withings Cloud
2025-05-02;78,85;18,86;60,78;Withings Cloud
2025-05-01;76,99;22,02;57,03;Withings Cloud
2025-04-30;77,88;;;Withings Cloud
2025-04-29;77,92;;;Withings Cloud
2025-04-28;79,42;23,12;58,00;Withings Cloud
2025-04-27;79,58;21,95;59,00;Withings Cloud
2025-04-25;77,66;23,14;56,68;Withings Cloud
2025-04-24;77,48;19,68;59,11;Withings Cloud
2025-04-22;78,38;;;Withings Cloud
2025-04-21;78,46;;;Withings Cloud
2025-04-19;78,98;21,47;58,92;Withings Cloud
2025-04-16;79,55;22,39;58,65;Withings Cloud
2025-04-13;77,04;22,05;57,04;Withings Cloud
2025-04-12;76,77;36,16;46,28;Withings Cloud
2025-04-11;77,35;23,88;55,91;Withings Cloud
2025-04-10;78,04;19,67;59,56;Withings Cloud
2025-04-09;79,28;19,99;60,26;Withings Cloud
2025-04-08;79,79;21,41;59,57;Withings Cloud
2025-04-07;79,78;21,71;59,34;Withings Cloud
2025-04-06;80,05;;;Withings Cloud
2025-04-05;77,44;20,17;58,73;Withings Cloud
2025-04-04;78,27;;;Withings Cloud
2025-04-03;77,92;22,06;57,69;Withings Cloud
2025-04-02;77,83;20,03;59,13;Withings Cloud
2025-04-01;79,13;22,42;58,32;Withings Cloud
2025-03-31;78,56;21,11;58,88;Withings Cloud
2025-03-30;77,41;;;Withings Cloud
2025-03-29;78,01;20,18;59,15;Withings Cloud
2025-03-27;76,91;29,75;51,19;Withings Cloud
2025-03-26;78,97;;;Withings Cloud
2025-03-25;78,53;;;Withings Cloud
2025-03-23;78,18;23,06;57,13;Withings Cloud
2025-03-22;77,92;;;Withings Cloud
2025-03-21;78,13;24,10;56,32;Withings Cloud
2025-03-20;77,21;22,11;57,12;Withings Cloud
2025-03-19;78,03;22,95;57,10;Withings Cloud
2025-03-18;76,73;;;Withings Cloud
2025-03-17;79,11;22,45;58,28;Withings Cloud
2025-03-16;79,19;;;Withings Cloud
2025-03-15;78,17;;;Withings Cloud
2025-03-13;78,47;;;Withings Cloud
2025-03-12;78,34;23,07;57,24;Withings Cloud
2025-03-10;78,95;;;Withings Cloud
2025-03-08;76,61;19,80;58,36;Withings Cloud
2025-03-07;76,20;;;Withings Cloud
2025-03-05;76,42;;;Withings Cloud
2025-03-04;78,11;;;Withings Cloud
2025-02-25;77,38;21,60;57,63;Withings Cloud
2025-02-23;77,21;21,38;57,66;Withings Cloud
2025-02-22;75,39;;;Withings Cloud
2025-02-18;76,86;22,04;56,91;Withings Cloud
2025-02-16;74,84;21,01;56,15;Withings Cloud
2025-02-13;76,34;18,80;58,89;Withings Cloud
2025-02-11;76,66;;;Withings Cloud
2025-02-10;75,86;;;Withings Cloud
2025-02-08;74,15;;;Withings Cloud
2025-02-07;74,18;18,97;57,09;Withings Cloud
2025-02-05;75,51;;;Withings Cloud
2025-02-04;76,52;38,52;44,34;Withings Cloud
2025-02-03;75,79;20,50;57,23;Withings Cloud
2025-02-02;75,54;;;Withings Cloud
2025-01-31;75,13;20,94;56,41;Withings Cloud
2025-01-30;75,08;;;Withings Cloud
2025-01-28;74,91;;;Withings Cloud
2025-01-27;73,83;20,37;55,83;Withings Cloud
2025-01-26;73,80;21,53;54,99;Withings Cloud
2025-01-21;75,56;22,30;55,75;Withings Cloud
2025-01-19;73,94;20,62;55,74;Withings Cloud
2025-01-18;74,81;20,15;56,74;Withings Cloud
2025-01-17;75,08;20,42;56,76;Withings Cloud
2025-01-16;75,94;28,73;51,29;Withings Cloud
2025-01-15;76,18;21,57;56,75;Withings Cloud
2025-01-14;76,29;;;Withings Cloud
2025-01-12;76,00;23,08;55,51;Withings Cloud
2025-01-10;75,98;;;Withings Cloud
2025-01-09;75,62;;;Withings Cloud
2025-01-07;76,06;;;Withings Cloud
2025-01-06;75,51;;;Withings Cloud
2025-01-05;76,25;;;Withings Cloud
2025-01-03;75,76;;;Withings Cloud
2025-01-02;75,76;23,31;55,17;Withings Cloud
2024-12-31;76,20;;;Withings Cloud
2024-12-30;76,34;;;Withings Cloud
2024-12-29;75,61;;;Withings Cloud
2024-12-28;75,77;;;Apple
2024-12-27;76,88;;;Withings Cloud
2024-12-25;77,82;22,64;57,18;Withings Cloud
2024-12-23;76,88;22,84;56,34;Withings Cloud
2024-12-21;76,10;;;Apple
2024-12-19;76,80;;;Withings Cloud
2024-12-18;76,66;;;Withings Cloud
2024-12-17;76,91;;;Withings Cloud
2024-12-16;77,85;;;Withings Cloud
2024-12-14;76,67;;;Withings Cloud
2024-12-12;76,86;22,54;56,55;Withings Cloud
2024-12-10;76,19;23,80;55,12;Withings Cloud
2024-12-07;76,72;22,58;56,41;Withings Cloud
2024-12-06;75,98;21,96;56,32;Withings Cloud
2024-12-05;75,65;23,08;55,26;Withings Cloud
2024-11-28;77,58;22,32;57,24;Withings Cloud
2024-11-27;76,61;21,80;56,90;Withings Cloud
2024-11-25;76,86;21,83;57,06;Withings Cloud
2024-11-24;75,91;;;Withings Cloud
2024-11-22;76,52;23,73;55,42;Withings Cloud
2024-11-21;76,50;;;Withings Cloud
2024-11-20;76,47;;;Withings Cloud
2024-11-19;76,94;;;Withings Cloud
2024-11-18;76,41;;;Withings Cloud
2024-11-17;75,56;34,62;46,67;Withings Cloud
2024-11-14;76,82;21,56;57,24;Withings Cloud
2024-11-12;76,30;;;Apple
2024-11-11;76,61;;;Apple
2024-11-10;76,22;;;Withings Cloud
2024-11-05;76,70;23,06;56,04;Withings Cloud
2024-11-02;74,61;20,16;56,58;Withings Cloud
2024-10-31;76,92;21,35;57,47;Withings Cloud
2024-10-30;76,00;;;Apple
2024-10-29;76,44;21,53;56,97;Withings Cloud
2024-10-28;76,19;18,31;59,12;Withings Cloud
2024-10-24;77,33;21,39;57,75;Withings Cloud
2024-10-23;77,01;21,92;57,11;Withings Cloud
2024-10-21;76,97;21,61;57,31;Withings Cloud
2024-10-18;76,05;22,72;55,81;Withings Cloud
2024-10-16;77,09;;;Withings Cloud
2024-10-15;77,27;;;Apple
2024-10-14;77,35;22,68;56,80;Withings Cloud
2024-10-13;75,63;22,96;55,33;Withings Cloud
2024-10-12;76,06;20,23;57,63;Withings Cloud
2024-10-10;76,17;22,16;56,31;Withings Cloud
2024-10-09;76,17;22,62;55,98;Withings Cloud
2024-10-08;76,08;22,32;56,12;Withings Cloud
2024-10-07;76,63;23,03;56,00;Withings Cloud
2024-10-06;76,01;20,14;57,66;Withings Cloud
2024-10-04;76,36;22,25;56,39;Withings Cloud
2024-10-03;76,20;22,27;56,25;Withings Cloud
2024-10-01;77,56;22,38;57,18;Withings Cloud
2024-09-30;77,36;;;Apple
2024-09-27;76,91;22,49;56,61;Withings Cloud
2024-09-26;76,77;22,39;56,58;Withings Cloud
2024-09-25;78,09;21,58;58,17;Withings Cloud
2024-09-22;77,47;;;Withings Cloud
2024-09-21;76,92;19,79;58,61;Withings Cloud
2024-09-13;76,75;22,53;56,47;Withings Cloud
2024-09-12;76,94;21,91;57,07;Withings Cloud
2024-09-11;77,33;;;Apple
2024-09-09;77,00;22,04;57,01;Withings Cloud
2024-09-06;77,28;20,11;58,65;Withings Cloud
2024-09-05;77,74;21,35;58,08;Withings Cloud
2024-09-02;78,89;;;Apple
2024-08-29;75,38;21,32;56,33;Withings Cloud
2024-08-28;75,60;21,84;56,12;Withings Cloud
2024-08-27;75,90;21,28;56,75;Withings Cloud
2024-08-26;75,72;;;Withings Cloud
2024-08-24;75,53;21,38;56,40;Withings Cloud
2024-08-23;76,05;22,43;56,03;Withings Cloud
2024-08-22;75,79;;;Withings Cloud
2024-08-21;75,69;;;Withings Cloud
2024-08-20;75,57;;;Withings Cloud
2024-08-19;76,19;;;Withings Cloud
2024-08-16;76,42;;;Withings Cloud
2024-08-15;76,89;;;Withings Cloud
2024-08-14;77,27;;;Withings Cloud
2024-08-08;77,02;;;Withings Cloud
2024-08-06;76,39;;;Withings Cloud
2024-08-05;77,43;;;Withings Cloud
2024-08-02;75,61;;;Withings Cloud
2024-08-01;75,30;;;Withings Cloud
2024-07-31;75,75;;;Withings Cloud
2024-07-29;77,22;;;Withings Cloud
2024-07-26;74,71;;;Withings Cloud
2024-07-25;75,78;;;Withings Cloud
2024-07-24;75,26;;;Apple
2024-07-23;76,10;;;Withings Cloud
2024-07-22;76,44;;;Withings Cloud
2024-07-20;76,38;;;Withings Cloud
2024-07-19;77,12;;;Withings Cloud
2024-07-18;76,46;;;Apple
2024-07-12;78,07;;;Withings Cloud
2024-07-04;77,55;;;Withings Cloud
2024-07-03;76,83;;;Withings Cloud
2024-07-02;76,73;;;Withings Cloud
2024-06-29;76,66;;;Withings Cloud
2024-06-27;76,53;13,47;63,25;Withings Cloud
2024-06-26;77,08;;;Withings Cloud
2024-06-25;77,46;;;Withings Cloud
2024-06-24;78,29;;;Withings Cloud
2024-06-23;80,19;;;Withings Cloud
2024-06-21;76,00;;;Apple
2024-06-18;77,32;;;Withings Cloud
2024-06-13;76,86;;;Withings Cloud
2024-06-07;76,60;;;Withings Cloud
2024-06-03;77,47;;;Withings Cloud
2024-06-02;77,50;;;Withings Cloud
2024-06-01;76,09;;;Withings Cloud
2024-05-30;75,20;;;Withings Cloud
2024-05-29;76,03;;;Withings Cloud
2024-05-28;75,80;12,69;63,20;Withings Cloud
2024-05-26;76,70;;;Withings Cloud
2024-05-25;74,87;;;Withings Cloud
2024-05-24;75,55;22,89;55,31;Withings Cloud
2024-05-23;75,88;;;Withings Cloud
2024-05-21;77,63;;;Withings Cloud
2024-05-20;77,85;;;Withings Cloud
2024-05-17;75,80;;;Apple
2024-05-12;77,01;;;Withings Cloud
2024-05-11;76,22;;;Withings Cloud
2024-05-09;76,73;;;Withings Cloud
2024-05-08;77,08;;;Apple
2024-05-07;77,23;;;Withings Cloud
2024-05-06;78,00;14,81;63,45;Withings Cloud
2024-05-04;76,66;;;Apple
2024-05-03;76,60;;;Apple
2024-05-02;77,25;15,23;62,52;Withings Cloud
2024-05-01;76,62;14,45;62,59;Withings Cloud
2024-04-30;77,09;13,92;63,37;Withings Cloud
2024-04-25;76,85;14,31;62,88;Withings Cloud
2024-04-21;76,44;15,15;61,92;Withings Cloud
2024-04-20;75,83;14,48;61,90;Withings Cloud
2024-04-14;76,37;13,70;62,94;Withings Cloud
2024-04-13;75,34;15,02;61,10;Withings Cloud
2024-04-12;76,21;13,80;62,72;Withings Cloud
2024-04-11;76,31;13,71;62,88;Withings Cloud
2024-04-10;76,10;19,28;58,36;Withings Cloud
2024-03-23;73,60;;;Withings Cloud
2024-03-15;73,20;;;Pesobook
2024-03-10;74,40;;;Withings Cloud
2024-03-02;74,00;;;Pesobook
2024-02-23;74,80;;;Pesobook
2024-02-21;75,50;;;Pesobook
2024-02-17;74,40;;;Apple
2023-12-16;75,60;;;Pesobook
2023-11-16;74,50;;;Pesobook
2023-11-15;75,20;;;Apple
2023-11-13;75,00;;;Apple
2023-11-09;75,30;;;Pesobook
2023-11-08;75,60;;;Apple
2023-10-27;75,50;;;Apple
2023-10-26;75,10;;;Pesobook
2023-10-17;76,00;;;Pesobook
2023-10-14;76,30;;;Pesobook
2023-10-11;75,90;;;Apple
2023-10-05;75,50;;;Apple
2023-09-30;76,20;;;Pesobook
2023-09-28;76,20;;;Pesobook
2023-09-27;76,70;;;Pesobook
2023-09-23;76,70;;;Apple
2023-09-17;75,10;;;Pesobook
2023-09-16;75,60;;;Pesobook
2023-09-14;75,90;;;Apple
2023-09-13;76,00;;;Pesobook
2023-09-09;75,60;;;Apple
2023-08-29;76,50;;;Pesobook
2023-08-28;77,00;;;Pesobook
2023-08-12;76,60;;;Apple
2023-08-10;77,00;;;Apple
2023-07-25;76,80;;;Apple
2023-05-13;75,60;;;Apple
2023-05-11;75,90;;;Apple
2023-04-29;76,50;;;Apple
2023-03-24;77,00;;;Apple
2023-03-22;77,70;;;Apple
2023-03-17;78,00;;;Apple
2023-03-15;78,30;;;Apple
2023-03-09;79,10;;;Apple
2023-03-08;79,50;;;Apple
2023-02-03;79,50;;;Apple
2023-02-01;80,20;;;Apple
2023-01-31;80,10;;;Apple
2023-01-19;80,00;;;Apple
2023-01-04;80,90;;;Apple
2022-12-30;81,20;;;Apple
2022-12-13;82,00;;;Apple
2022-12-03;81,00;;;Apple
2022-09-14;83,00;;;Apple
2022-03-31;85,00;;;Apple
2022-01-20;82,50;;;Apple
2021-10-30;83,00;;;Apple
2021-10-27;83,50;;;Apple
2021-10-20;83,10;;;Pesobook
2021-09-30;82,80;;;Pesobook
2021-09-26;85,50;;;Apple
2021-09-25;83,30;;;Pesobook
2021-09-16;83,80;;;Pesobook
2021-04-22;84,90;;;Pesobook
2021-04-21;85,50;;;Pesobook
2021-04-20;86,60;;;Pesobook
2021-04-14;86,00;;;Apple
2021-03-05;82,10;;;Pesobook
2021-03-02;87,40;;;Pesobook
2021-02-23;84,80;;;Pesobook
2021-02-18;87,00;;;Pesobook
2021-02-16;87,40;;;Pesobook
2020-10-25;83,80;;;Pesobook
2020-10-08;83,80;;;Pesobook
2020-09-09;82,80;;;Apple
2020-06-19;83,10;;;Pesobook
2020-05-13;86,00;;;Apple
2020-04-07;85,00;;;Apple
2020-02-20;81,00;;;Pesobook
2020-02-19;81,50;;;Pesobook
2020-02-18;81,70;;;Pesobook
2020-02-17;82,00;;;Pesobook
2020-02-13;81,80;;;Pesobook
2020-01-26;82,80;;;Pesobook
2020-01-23;83,20;;;Pesobook
2020-01-19;83,50;;;Pesobook
2020-01-02;85,10;;;Pesobook
2019-11-27;84,10;;;Pesobook
2019-11-23;84,00;;;Pesobook
2019-11-14;84,00;;;Pesobook
2019-11-01;85,50;;;Pesobook
2019-10-23;84,70;;;Pesobook
2019-10-09;84,50;;;Pesobook
2019-10-07;86,80;;;Pesobook
2019-09-25;85,70;;;Pesobook
2019-05-20;83,00;;;Pesobook
2019-04-12;81,20;;;Pesobook
2019-04-09;82,20;;;Pesobook
2019-04-06;81,30;;;Pesobook
2019-04-04;81,10;;;Pesobook
2019-02-22;82,10;;;Pesobook
2019-01-21;82,00;;;Pesobook
2019-01-03;84,50;;;Pesobook
2018-09-07;82,00;;;Pesobook
2018-07-27;78,00;;;Pesobook
2018-07-26;78,80;;;Pesobook
2018-07-19;78,90;;;Pesobook
2018-07-18;78,90;;;Apple
2018-06-30;79,30;;;Pesobook
2018-05-25;79,90;;;Apple
2018-05-24;80,50;;;Pesobook
2018-05-16;80,90;;;Pesobook
2018-05-12;80,80;;;Pesobook
2018-04-17;83,00;;;Pesobook
2018-03-24;80,90;;;Pesobook
2018-03-23;81,80;;;Pesobook
2018-01-13;82,20;;;Pesobook
2018-01-12;82,30;;;Pesobook
2018-01-11;82,50;;;Pesobook
2018-01-04;82,70;;;Pesobook
2017-12-01;83,70;;;Pesobook
2017-10-20;84,70;;;Pesobook
2017-09-28;85,10;;;Pesobook
2017-09-22;85,70;;;Pesobook
2017-09-15;85,10;;;Pesobook
2017-09-07;84,70;;;Pesobook
2017-09-01;85,50;;;Apple
2017-07-18;84,00;;;Pesobook
2016-12-17;82,20;;;Pesobook
2016-12-16;82,80;;;Pesobook
2016-12-15;83,00;;;Pesobook
2016-12-10;83,60;;;Pesobook
2016-12-09;84,40;;;Pesobook
2016-12-06;85,10;;;Pesobook
2016-11-23;86,00;;;Pesobook
2016-11-02;84,60;;;Pesobook
2016-10-23;85,80;;;Pesobook
2016-10-22;86,50;;;Pesobook
2016-10-20;87,50;;;Pesobook
2016-10-14;87,50;;;Pesobook
2016-10-02;86,90;;;Pesobook
2016-09-21;88,50;;;Apple
2016-09-20;88,70;;;Pesobook
2016-09-08;87,00;;;Pesobook
2016-08-29;86,60;;;Pesobook
2016-08-16;86,50;;;Pesobook
2016-08-15;87,10;;;Pesobook
2016-07-28;85,30;;;Pesobook
2016-07-15;84,00;;;Pesobook
2016-07-08;84,70;;;Pesobook
2016-06-27;84,90;;;Pesobook
2016-06-21;86,50;;;Pesobook
2016-05-26;86,10;;;Pesobook
2016-05-25;85,90;;;Pesobook
2016-05-07;85,00;;;Pesobook
2016-05-06;85,80;;;Pesobook
2016-04-27;83,80;;;Pesobook
2016-04-03;84,10;;;Pesobook
2016-03-29;83,00;;;Pesobook
2016-03-16;83,80;;;Pesobook
2016-03-10;84,20;;;Pesobook
2016-03-09;84,10;;;Pesobook
2016-03-08;85,00;;;Pesobook
2016-03-07;84,50;;;Pesobook
2016-03-02;84,00;;;Pesobook
2016-02-24;82,60;;;Pesobook
2016-02-22;83,30;;;Pesobook
2016-02-19;84,10;;;Pesobook
2016-02-17;83,40;;;Pesobook
2016-02-14;83,30;;;Pesobook
2016-02-12;83,90;;;Pesobook
2016-02-11;83,80;;;Apple
2016-02-08;82,70;;;Pesobook
2016-02-04;83,00;;;Pesobook
2016-02-03;82,60;;;Pesobook
2016-01-31;82,60;;;Pesobook
2016-01-30;82,40;;;Pesobook
2016-01-29;83,20;;;Pesobook
2016-01-27;84,90;;;Pesobook
2016-01-24;83,50;;;Pesobook
2016-01-22;82,20;;;Pesobook
2016-01-21;82,40;;;Apple
2016-01-18;82,30;;;Pesobook
2016-01-10;81,60;;;Pesobook
2015-12-28;82,10;;;Apple
2015-12-17;81,50;;;Apple
2015-12-10;80,80;;;Pesobook
2015-12-06;80,50;;;Pesobook
2015-12-01;80,00;;;Pesobook
2015-11-20;79,70;;;Pesobook
2015-11-14;79,60;;;Pesobook
2015-11-13;80,10;;;Pesobook
2015-11-11;80,30;;;Pesobook
2015-11-10;80,10;;;Pesobook
2015-11-09;80,70;;;Pesobook
2015-11-05;81,40;;;Pesobook
2015-10-31;80,40;;;Pesobook
2015-10-26;80,50;;;Pesobook
2015-10-21;81,10;;;Pesobook
2015-10-20;81,00;;;Pesobook
2015-10-19;82,00;;;Pesobook
2015-10-16;82,10;;;Pesobook
2015-10-14;82,60;;;Pesobook
2015-10-08;83,00;;;Pesobook
2015-10-06;83,40;;;Pesobook
2015-09-30;84,00;;;Pesobook
2015-08-23;82,00;;;Pesobook
2015-08-19;82,40;;;Pesobook
2015-08-13;82,50;;;Pesobook
2015-08-07;83,00;;;Pesobook
2015-08-06;83,40;;;Pesobook
2015-08-05;84,50;;;Pesobook
2015-07-29;83,50;;;Pesobook
2015-07-28;82,60;;;Pesobook
2015-07-10;82,50;;;Pesobook
2015-07-04;81,10;;;Pesobook
2015-07-03;80,90;;;Pesobook
2015-06-28;82,00;;;Pesobook
2015-06-26;82,50;;;Pesobook
2015-06-14;83,00;;;Pesobook
2015-06-08;81,80;;;Pesobook
2015-06-02;82,20;;;Pesobook
2015-05-28;81,40;;;Pesobook
2015-05-27;81,40;;;Pesobook
2015-05-26;82,10;;;Pesobook
2015-05-24;80,80;;;Pesobook
2015-05-23;81,20;;;Pesobook
2015-05-21;82,10;;;Pesobook
2015-05-18;82,10;;;Pesobook
2015-05-15;82,30;;;Pesobook
2015-05-13;82,30;;;Pesobook
2015-05-12;82,60;;;Pesobook
2015-05-10;82,10;;;Pesobook
2015-05-07;81,90;;;Pesobook
2015-05-06;82,00;;;Pesobook
2015-05-03;82,70;;;Pesobook
2015-05-01;82,10;;;Pesobook
2015-04-28;83,10;;;Pesobook
2015-04-26;83,10;;;Pesobook
2015-04-24;82,70;;;Pesobook
2015-04-23;82,50;;;Pesobook
2015-04-22;82,80;;;Pesobook
2015-04-21;83,10;;;Pesobook
2015-04-20;82,20;;;Pesobook
2015-04-18;82,70;;;Pesobook
2015-04-16;82,50;;;Pesobook
2015-04-15;82,90;;;Pesobook
2015-04-08;82,80;;;Pesobook
2015-04-05;82,80;;;Pesobook
2015-04-02;80,00;;;Pesobook
2015-04-01;81,00;;;Pesobook
2015-03-31;79,50;;;Pesobook
2015-03-30;81,00;;;Pesobook
2015-03-29;82,50;;;Pesobook
2015-03-24;84,50;;;Pesobook
2015-03-23;85,50;;;Pesobook
2015-03-22;85,20;;;Pesobook
2015-03-21;85,40;;;Pesobook
2015-03-20;85,70;;;Pesobook
2015-03-19;85,50;;;Pesobook
2015-03-18;85,60;;;Pesobook
2015-03-17;86,50;;;Pesobook
2015-03-16;85,70;;;Pesobook
2015-03-15;86,10;;;Pesobook
2015-03-14;85,90;;;Pesobook
2015-03-13;86,40;;;Pesobook
2015-03-12;87,30;;;Pesobook
2015-03-11;87,50;;;Pesobook
2015-03-10;87,40;;;Pesobook
2015-03-09;87,80;;;Pesobook
2015-03-08;88,20;;;Pesobook
2015-03-07;88,40;;;Pesobook
2015-03-06;88,30;;;Pesobook
2015-03-05;87,70;;;Pesobook
2015-03-04;87,50;;;Pesobook
2015-03-03;87,40;;;Pesobook
2015-03-02;87,20;;;Pesobook
2015-03-01;87,30;;;Pesobook
2015-02-28;87,60;;;Pesobook
2015-02-27;88,30;;;Pesobook
2015-02-26;88,80;;;Pesobook
2015-02-25;88,30;;;Pesobook
2015-02-24;89,00;;;Pesobook
2015-02-23;88,60;;;Pesobook
2015-02-22;88,50;;;Pesobook
2015-02-21;88,60;;;Pesobook
2015-02-20;89,70;;;Pesobook
2015-02-19;89,30;;;Pesobook
2015-02-18;88,90;;;Pesobook
2015-02-17;89,20;;;Pesobook
2015-02-13;89,40;;;Pesobook
2015-02-12;89,80;;;Pesobook
2015-02-11;89,50;;;Pesobook
2015-02-10;90,00;;;Pesobook
2015-02-09;90,30;;;Pesobook
2015-02-08;90,70;;;Pesobook
2015-02-07;91,00;;;Pesobook
2015-02-06;91,30;;;Pesobook
2015-02-05;91,70;;;Pesobook
2015-02-04;91,60;;;Pesobook
2015-02-03;91,70;;;Pesobook
2015-02-02;91,90;;;Pesobook
2015-02-01;92,00;;;Pesobook
2015-01-30;92,10;;;Pesobook
2015-01-29;92,30;;;Pesobook
2015-01-27;92,80;;;Pesobook
2015-01-26;92,60;;;Pesobook
2015-01-25;92,40;;;Pesobook
2015-01-24;93,00;;;Pesobook
2015-01-23;93,00;;;Pesobook
2015-01-22;93,00;;;Pesobook
2015-01-21;93,30;;;Pesobook
2015-01-20;94,00;;;Pesobook
2015-01-19;94,20;;;Pesobook
2015-01-16;94,10;;;Pesobook
2015-01-15;94,50;;;Pesobook
2015-01-14;95,00;;;Pesobook
2015-01-13;95,70;;;Pesobook
2015-01-12;95,70;;;Pesobook
2015-01-08;95,80;;;Pesobook
2015-01-07;96,90;;;Pesobook
2015-01-06;96,10;;;Pesobook
2015-01-05;96,30;;;Pesobook
2015-01-04;96,60;;;Pesobook
2015-01-03;96,80;;;Pesobook
2015-01-02;96,70;;;Pesobook
2015-01-01;97,30;;;Pesobook
2014-12-31;96,60;;;Pesobook
2014-12-30;96,80;;;Pesobook
2014-12-29;97,10;;;Pesobook
2014-12-27;98,00;;;Pesobook
2014-12-26;98,30;;;Pesobook
2014-12-25;98,20;;;Pesobook
2014-12-24;98,00;;;Pesobook
2014-12-23;98,40;;;Pesobook
2014-12-22;98,70;;;Pesobook
2014-12-21;99,10;;;Pesobook
2014-12-20;98,60;;;Pesobook
2014-12-19;99,10;;;Pesobook
2014-12-18;99,30;;;Pesobook
2014-12-17;99,70;;;Pesobook
2014-12-16;100,30;;;Pesobook
2014-12-15;100,70;;;Pesobook
2014-12-14;101,40;;;Pesobook
2014-12-13;101,20;;;Pesobook
2014-12-12;101,80;;;Pesobook
2014-12-11;102,50;;;Pesobook
2014-12-09;104,40;;;Pesobook
2014-12-08;105,40;;;Pesobook
2014-12-07;105,50;;;Pesobook
2014-12-06;105,80;;;Pesobook
2014-12-05;106,00;;;Pesobook
2014-12-04;106,70;;;Pesobook
2014-12-03;107,00;;;Pesobook
2014-12-02;107,30;;;Pesobook
2014-12-01;107,70;;;Pesobook
2014-11-30;108,10;;;Pesobook
2014-11-29;108,50;;;Pesobook
2014-11-28;109,30;;;Pesobook
2014-11-26;110,50;;;Pesobook
2014-11-20;113,70;;;Pesobook
2014-11-13;113,60;;;Pesobook
;79,89;;;Withings Cloud
