﻿Fecha;Nombre ;Distancia;Tiempo;Ritmo;Tipo;ZAPATOS
2024-07-21;100 años del ORIENTAL DE LA PAZ;5.0;00:31:58;00:06:23.600000;CALLE;Brooks GTS 23
2024-09-08;Maraton de Punta del Este;5.08;00:29:57;00:05:53.740000;CALLE;Brooks GTS 23
2024-09-28;Las Piedras Un paso por los derechos Humanos;5.67;00:32:48;00:05:47.090000;CALLE;Brooks GTS 23
2024-10-12;5K contra el Cáncer de Mama;5.08;00:26:54;00:05:17.717000;CALLE;Brooks GTS 23
2024-11-16;San Felipe y Santiago;10.09;01:06:05;00:06:32.963000;CALLE;Brooks GTS 23
2024-12-01;Montevideo 15 Km (5 Km);5.43;00:28:22;00:05:13.444000;CALLE;Brooks GTS 23
2025-03-30;Española 10 Km (5Km);5.02;00:26:58;00:05:22.311000;CALLE;Asics Kayano 31
